id_respon,timestamp,layanan,komentar_teks,id_pengisian,urut_komentar,label_manual
001-01,08/01/2026 22:22:25,Portal Akademik (WEB),"terkadang bisa logout otomatis, jdi harus mengulang login sebanyak 2x.",1,1,negatif
001-02,08/01/2026 22:22:25,MyClass UMSU,"informasi penggunaannya sangat mudah dipahami, good!",1,2,positif
001-03,08/01/2026 22:22:25,WiFi Kampus,"wifi biasa, kadang cepat kadang lambat.",1,3,netral
001-04,08/01/2026 22:22:25,Helpdesk/Technical Support,IT helpdesk ini bener bener ngebantu banget sih. good,1,4,positif
001-05,08/01/2026 22:22:25,Saran Peningkatan,tidak ada,1,5,netral
002-01,08/01/2026 22:24:47,Portal Akademik (WEB),"Server down, gabisa login",2,1,negatif
002-02,08/01/2026 22:24:47,MyClass UMSU,"UI friendly, mudah digunakan",2,2,positif
002-03,08/01/2026 22:24:47,WiFi Kampus,Sejauh ini wifinya sudah bagus,2,3,positif
002-04,08/01/2026 22:24:47,Helpdesk/Technical Support,Respon lumayan cepat,2,4,positif
002-05,08/01/2026 22:24:47,Saran Peningkatan,Servernya ditingkatkan lagi,2,5,positif
003-01,08/01/2026 22:34:41,Portal Akademik (WEB),Yaa mungkin paling kadang server nya pernah down juga jadi gabisa di akses,3,1,negatif
003-02,08/01/2026 22:34:41,MyClass UMSU,Mungkin di hp saya download materi nya gabisa di aplikasi harus dri web,3,2,negatif
003-03,08/01/2026 22:34:41,WiFi Kampus,Terkadang lemot wifinya tpi kadang juga kencang kecepatan wifinya,3,3,positif
003-04,08/01/2026 22:34:41,Helpdesk/Technical Support,Bagus sih,3,4,positif
003-05,08/01/2026 22:34:41,Saran Peningkatan,Sudah cukup bagus,3,5,positif
004-01,08/01/2026 22:34:59,Portal Akademik (WEB),syukaaa,4,1,positif
004-02,08/01/2026 22:34:59,MyClass UMSU,baik deh pokoknya,4,2,positif
004-03,08/01/2026 22:34:59,WiFi Kampus,"agak lag, terus sering disconnect tbtb",4,3,negatif
004-04,08/01/2026 22:34:59,Helpdesk/Technical Support,-,4,4,netral
004-05,08/01/2026 22:34:59,Saran Peningkatan,tetaplah berkembang,4,5,positif
005-01,08/01/2026 22:36:10,Portal Akademik (WEB),"kalau di web lumayan lengkap, dan tidak terlalu ribet dibandingkan dengan aplikasinya, apalagi untuk bayar uang kuliah dari web lebih mudah daripada aplikasi",5,1,positif
005-02,08/01/2026 22:36:10,MyClass UMSU,"lumayan ribet ya kalau aplikasi nya, ga terlalu asik",5,2,negatif
005-03,08/01/2026 22:36:10,WiFi Kampus,"wifi di fikti terkadang lola, pliss adain kayak dulu lagi aja, di mana tiap lantai jaringannya bedaaa, tidak seperti sekarang uda mencakup semua",5,3,negatif
005-04,08/01/2026 22:36:10,Helpdesk/Technical Support,-,5,4,netral
005-05,08/01/2026 22:36:10,Saran Peningkatan,semoga kedepannya bisa lebih baik hehe,5,5,positif
006-01,08/01/2026 22:36:40,Portal Akademik (WEB),"Khusus portal web, sering log out sendiri.",6,1,negatif
006-02,08/01/2026 22:36:40,MyClass UMSU,"Khusus MyClass, lumayan lah dibandingkan UMSU Mobile dulu. Sekarang mah sudah mudah diakses, seneng banget deh rasanya punya e learning kampus sendiri. Kampus lain emang punya? Cih masih pakai GClassroom😂.",6,2,positif
006-03,08/01/2026 22:36:40,WiFi Kampus,"WiFi UMSU itu ibarat tauco dalam nasi gurih, dia ada, tapi tidak akan pernah saya sentuh. Untuk apa juga? 1 WiFi yang pakai seribu orang.",6,3,positif
006-04,08/01/2026 22:36:40,Helpdesk/Technical Support,"Baik lah pokoknya, soalnya saya datengin langsung.",6,4,positif
006-05,08/01/2026 22:36:40,Saran Peningkatan,"Saran saya yah, terus berkembang deh.",6,5,positif
007-01,08/01/2026 22:38:59,Portal Akademik (WEB),sering log out dengan sendirinya,7,1,negatif
007-02,08/01/2026 22:38:59,MyClass UMSU,tidak ada,7,2,netral
007-03,08/01/2026 22:38:59,WiFi Kampus,sering ganti password,7,3,negatif
007-04,08/01/2026 22:38:59,Helpdesk/Technical Support,tidak ada,7,4,netral
007-05,08/01/2026 22:38:59,Saran Peningkatan,tidak ada,7,5,netral
008-01,08/01/2026 22:39:57,Portal Akademik (WEB),"untuk kebutuhan sebenarnya portal akademik (web) umsu tu sudah mencukupi dan lumayan mudahlah untuk dipahami. tetapii, web tersebut sering kali back ke halaman dashboard yang biasanya muncul sebelum login. mungkin itu si salah satu kekurangan dari portal tersebut",8,1,positif
008-02,08/01/2026 22:39:57,MyClass UMSU,"secara keseluruhan sih MyClass itu sudah cukup baik, tetapi alangkah lebih baikk jika dilakukan pengembangan sistem lagi. karena, untuk user MyClass yang pakai android tu kurang responsif. setiap kali kita ingin kembali ke halaman sebelumnya, yang malah muncul adalah halaman dashboard yang isinya menu utama, berita umsu. jadii, itu lumayan membuat user sedikit kesal karena jika ingin kembali ke halaman sebelumnya harus mulai dari awal LGIII",8,2,positif
008-03,08/01/2026 22:39:57,WiFi Kampus,"saya lumayan puas dengan fasilitas WiFi yang di fikti dan hal ini sudah cukup memenuhi kebutuhan mahasiswa. tetapi, untuk di fakultas lain fasilitas wifi masih di batasi bahkaan emang betu-betul wifi itu tidak sampai lantai atas.",8,3,positif
008-04,08/01/2026 22:39:57,Helpdesk/Technical Support,"saya sudah lama tida menggunakan helpdesk IT UMSU. tetapi dulu pernah, dikarenakan akun e-learning saya tidak bisa login, daan mereka langsung membantu 🫰🫰🫰",8,4,netral
008-05,08/01/2026 22:39:57,Saran Peningkatan,none~,8,5,netral
009-01,08/01/2026 22:44:23,Portal Akademik (WEB),"Ketika sudah login ke web portal umsu suka tbtb log out sendiri, juga sering nya mengalami server down sehingga website tidak bisa di buka dan belum bisa download riwayat transaksi sebelumnya melalui aplikasi umsu mobile. Tapi sejauh ini portal umsu menyajikan informasi yang sangat penting dan mudah di akses, desain website juga user friendly.",9,1,negatif
009-02,08/01/2026 22:44:23,MyClass UMSU,"Untuk mengakses my class lewat apk umsu mobile ketika ingin kembali untuk berpindah menu, seringnya kembali ke apk umsu mobile bukan tetap di menu my class. Tetapi Sejauh ini pengguna my class sangat memudahkan ketika ingin mengakses absen dan materi perkuliahan.",9,2,
009-03,08/01/2026 22:44:23,WiFi Kampus,"Sering nya menjumpai wifi kampus yang menggunakan kata sandi seperti di beberapa aula dan gedung fakultas. Sedangkan tidak semua mahasiswa memiliki paket data oleh karena itu mungkin ke depannya bisa di permudah lagi dalam mengakses wifi di area tertentu. Tetapi saya sangat suka dengan fasilitas wifi yg di sediakan oleh pihak kampus karena sangat membantu di keadaan genting, apalagi jaringannya lancar jaya. Terimakasih umsu🫰",9,3,
009-04,08/01/2026 22:44:23,Helpdesk/Technical Support,Kemarin lupa kata sandi portal umsu jd saya lgsg menggunakan helpdesk dan responnya sangat cepat dan mudah di pahami,9,4,
009-05,08/01/2026 22:44:23,Saran Peningkatan,Tidak ada,9,5,
010-01,08/01/2026 22:45:44,Portal Akademik (WEB),portal mudah di gunakan,10,1,
010-02,08/01/2026 22:45:44,MyClass UMSU,MyClass UMSU sangat mudah digunakan,10,2,
010-03,08/01/2026 22:45:44,WiFi Kampus,WIFI kampus kadang lemot,10,3,
010-04,08/01/2026 22:45:44,Helpdesk/Technical Support,-,10,4,
010-05,08/01/2026 22:45:44,Saran Peningkatan,-,10,5,
011-01,08/01/2026 22:47:34,Portal Akademik (WEB),"Pengalaman saya menggunakan Portal Akademik (WEB) cukup baik karena memudahkan akses KRS, KHS, dan jadwal kuliah. Namun, portal sering lambat saat banyak pengguna, sehingga kurang nyaman digunakan.",11,1,
011-02,08/01/2026 22:47:34,MyClass UMSU,"Pengalaman saya menggunakan MyClass UMSU cukup baik, karena memudahkan akses materi perkuliahan, tugas, dan informasi dari dosen secara online. Namun, terkadang sistem lambat atau error, terutama saat banyak pengguna mengakses secara bersamaan, sehingga menghambat proses belajar.",11,2,positif
011-03,08/01/2026 22:47:34,WiFi Kampus,"Pengalaman saya menggunakan WiFi kampus UMSU cukup baik, karena memudahkan akses internet untuk mendukung kegiatan perkuliahan seperti mencari referensi, mengerjakan tugas, dan mengakses sistem akademik. Namun, terkadang koneksi lambat atau tidak stabil, terutama saat banyak pengguna, sehingga menghambat aktivitas belajar.",11,3,
011-04,08/01/2026 22:47:34,Helpdesk/Technical Support,"Pengalaman saya menggunakan helpdesk/technical support IT UMSU cukup baik, karena petugas responsif dan membantu dalam menangani kendala teknis seperti masalah akun atau sistem. Namun, terkadang respon memerlukan waktu cukup lama saat permintaan sedang banyak, sehingga penyelesaian masalah menjadi tertunda.",11,4,
011-05,08/01/2026 22:47:34,Saran Peningkatan,"UMSU diharapkan dapat meningkatkan kestabilan sistem, kecepatan WiFi, serta respons helpdesk IT, agar layanan SI & TI lebih optimal dan nyaman digunakan.",11,5,
012-01,08/01/2026 22:49:57,Portal Akademik (WEB),"Pengalaman saya menggunakan Portal Akademik (WEB) adalah buruk. Alasannya adalah
 Portal Akademik memiliki desain yang tidak intuitif dan sulit dinavigasi. Saya harus mencari-cari informasi dan fitur yang saya butuhkan.

Namun, ada beberapa hal yang baik tentang Portal Akademik, seperti Akses informasi yang mudah  Portal Akademik menyediakan akses informasi yang mudah tentang nilai, jadwal kuliah, dan informasi lainnya.",12,1,
012-02,08/01/2026 22:49:57,MyClass UMSU,"Pengalaman saya menggunakan Portal Akademik (WEB) adalah buruk. Alasannya adalah:
Desain yang tidak user-friendly Portal Akademik memiliki desain yang tidak intuitif dan sulit dinavigasi. Saya harus mencari-cari informasi dan fitur yang saya butuhkan.


Namun, ada  hal yang baik tentang Portal Akademik, seperti:
Akses informasi yang mudah  Portal Akademik menyediakan akses informasi yang mudah tentang nilai, jadwal kuliah, dan informasi lainnya.",12,2,
012-03,08/01/2026 22:49:57,WiFi Kampus,"Pengalaman saya menggunakan Portal Akademik (WEB) adalah buruk. Alasannya adalah Desain yang tidak user-friendlyPortal Akademik memiliki desain yang tidak intuitif dan sulit dinavigasi. Saya harus mencari-cari informasi dan fitur yang saya butuhkan.

Namun, ada beberapa hal yang baik tentang Portal Akademik, seperti Akses informasi yang mudah : Portal Akademik menyediakan akses informasi yang mudah tentang nilai, jadwal kuliah, dan informasi lainnya.",12,3,
012-04,08/01/2026 22:49:57,Helpdesk/Technical Support,"Saya belum pernah menggunakann helpdesk atau support it umsu, krn belum ada kendala🙏",12,4,
012-05,08/01/2026 22:49:57,Saran Peningkatan,"Perbarui desain portal akademik untuk membuat nya user friendly dan intuitif, sehingga lebih mudah dipahami oleh pengguna",12,5,
013-01,08/01/2026 22:51:27,Portal Akademik (WEB),Portal akademik(web) sgt berguna ketika aplikasi umsu academy error,13,1,positif
013-02,08/01/2026 22:51:27,MyClass UMSU,"MyClass susah login, sering muncul ""password salah""",13,2,
013-03,08/01/2026 22:51:27,WiFi Kampus,Wifinya nge-lag,13,3,
013-04,08/01/2026 22:51:27,Helpdesk/Technical Support,tidak ada masalah,13,4,
013-05,08/01/2026 22:51:27,Saran Peningkatan,sudah keren,13,5,
014-01,08/01/2026 22:51:46,Portal Akademik (WEB),"Baiknya mudah fahami dan digunakan
Buruknya Agak kesal karena kalo login tiba-tiba error disuruh login lagi",14,1,
014-02,08/01/2026 22:51:46,MyClass UMSU,Karena masih baru jadi agak bingung pakainya mungkin..,14,2,
014-03,08/01/2026 22:51:46,WiFi Kampus,Pernah agak lambat,14,3,
014-04,08/01/2026 22:51:46,Helpdesk/Technical Support,Tidak ada,14,4,
014-05,08/01/2026 22:51:46,Saran Peningkatan,Saran saya lebih diperhatikan lagi layanannya,14,5,
015-01,08/01/2026 22:54:07,Portal Akademik (WEB),Informasi pada web lengkap dan mudah dipahami,15,1,
015-02,08/01/2026 22:54:07,MyClass UMSU,"Saat sedang ramai susah diakses, tampilan agak sulit dipahami, masih sering kebingungan mencari icon/button",15,2,
015-03,08/01/2026 22:54:07,WiFi Kampus,Wifi tidak lemot dan cepat connect ke device,15,3,
015-04,08/01/2026 22:54:07,Helpdesk/Technical Support,Menurut teman-teman saya cepat ditanggapi (karena saya tidak pernah menggunakannya),15,4,
015-05,08/01/2026 22:54:07,Saran Peningkatan,Semoga lebih baik lagi,15,5,
016-01,08/01/2026 22:54:58,Portal Akademik (WEB),"bagus sih cuma kadang pas di buka error"" terus harus di ulang"" sampe bisaa",16,1,
016-02,08/01/2026 22:54:58,MyClass UMSU,-,16,2,
016-03,08/01/2026 22:54:58,WiFi Kampus,"susah nyambung, dan di kasih password dan hampir tidak bisa di gunakan dan ngelag sekali",16,3,
016-04,08/01/2026 22:54:58,Helpdesk/Technical Support,-,16,4,
016-05,08/01/2026 22:54:58,Saran Peningkatan,-,16,5,
017-01,08/01/2026 22:55:10,Portal Akademik (WEB),"pengalaman saya pakai Portal Akademik (WEB) itu cukup ngebantu walaupun kadang ga selalu lancar. baik nya tuh di portal ini bisa lihat info kayak jadwal, krs, khs, data pembayaran ukt, dan infonya juga bisa diakses sama orang tua. tapi minusnya kadang webnya lemot dan susah dibuka pas jam ramai, apalagi waktu isi krs dan mau pembayaran ukt",17,1,
017-02,08/01/2026 22:55:10,MyClass UMSU,"pengalaman saya pakai MyClass UMSU itu cukup ngebantu buat lihat materi, tugas, absensi dan pengumuman dari dosen. tapi minusnya, sistemnya kadang pas hari libur ga bisa di akses padahal kadang justru di hari libur mau ngerjain tugas atau buka materi",17,2,
017-03,08/01/2026 22:55:10,WiFi Kampus,"sepengalaman saya, menurut saya WiFi kampus UMSU itu belum merata. Kalau di fikti sih biasanya oke dan bisa dipakai dgn lancar. tapi kalau lagi kelas di fai, sering ga ada jaringan, bahkan kadang untuk muka myclass buat absen aja loadingnya lama. apalagi di perpustakaan, wifi nya sering lemot jadi susah untuk mengerjakan tugas di perpustakaan",17,3,
017-04,08/01/2026 22:55:10,Helpdesk/Technical Support,-,17,4,
017-05,08/01/2026 22:55:10,Saran Peningkatan,"saya belum pernah secara langsung menggunakan layanan SI & TI, tapi menurut saya layanan tersebut sebaiknya bisa melayani mahasiswa dengan cepat, responsif, dan memberikan solusi yang tepat kalau ada kendala.",17,5,
018-01,08/01/2026 22:58:26,Portal Akademik (WEB),Tidak ada,18,1,
018-02,08/01/2026 22:58:26,MyClass UMSU,Lebih suka menggunakan elearning dari pada myclass,18,2,
018-03,08/01/2026 22:58:26,WiFi Kampus,Sering lola wifi nya jika digunakan,18,3,
018-04,08/01/2026 22:58:26,Helpdesk/Technical Support,Tidak ada,18,4,
018-05,08/01/2026 22:58:26,Saran Peningkatan,Tidak ada,18,5,
019-01,08/01/2026 23:04:18,Portal Akademik (WEB),"baik, tidak ada alasan",19,1,
019-02,08/01/2026 23:04:18,MyClass UMSU,Baik,19,2,
019-03,08/01/2026 23:04:18,WiFi Kampus,Baik,19,3,
019-04,08/01/2026 23:04:18,Helpdesk/Technical Support,Baik,19,4,
019-05,08/01/2026 23:04:18,Saran Peningkatan,tidak ada,19,5,
020-01,08/01/2026 23:05:35,Portal Akademik (WEB),bagus aja,20,1,
020-02,08/01/2026 23:05:35,MyClass UMSU,bagus aja,20,2,
020-03,08/01/2026 23:05:35,WiFi Kampus,lemottt wifi nya,20,3,
020-04,08/01/2026 23:05:35,Helpdesk/Technical Support,-,20,4,
020-05,08/01/2026 23:05:35,Saran Peningkatan,"gada si, wifi aja bagusin",20,5,
021-01,08/01/2026 23:06:55,Portal Akademik (WEB),"pengalaman baik saat webnya lancar, pengalaman buruk saat webnya down dimasa masa mahasiswa banyak akses ke webnya",21,1,
021-02,08/01/2026 23:06:55,MyClass UMSU,saya belum pernah pakai,21,2,
021-03,08/01/2026 23:06:55,WiFi Kampus,"pengalaman buruk tidak terlalu buruk si normal aja, cuma saat mau isi kehadiran ntah kenapa kadang di momen itu wifi nya kurang lancar",21,3,
021-04,08/01/2026 23:06:55,Helpdesk/Technical Support,belum pernah pakai,21,4,
021-05,08/01/2026 23:06:55,Saran Peningkatan,belum pernah pakai,21,5,
022-01,08/01/2026 23:09:53,Portal Akademik (WEB),lama loading atau susah mau akses mungkin karna trafic,22,1,
022-02,08/01/2026 23:09:53,MyClass UMSU,karena baru masih meraba untuk memakai my class,22,2,
022-03,08/01/2026 23:09:53,WiFi Kampus,wifi tidak menyebar merata,22,3,
022-04,08/01/2026 23:09:53,Helpdesk/Technical Support,tidak ada,22,4,
022-05,08/01/2026 23:09:53,Saran Peningkatan,tidak ada,22,5,
023-01,08/01/2026 23:20:21,Portal Akademik (WEB),bagus,23,1,
023-02,08/01/2026 23:20:21,MyClass UMSU,okee,23,2,
023-03,08/01/2026 23:20:21,WiFi Kampus,"susah conect,lemot,ga stabil",23,3,
023-04,08/01/2026 23:20:21,Helpdesk/Technical Support,tidak pernah,23,4,
023-05,08/01/2026 23:20:21,Saran Peningkatan,wifi di perbanyak dan di percepat koneksi nya,23,5,
024-01,08/01/2026 23:21:18,Portal Akademik (WEB),"pas menggunakan portal saya pernah mengalami hal buruk, ketika kita klik salah satu fitur tiba"" eror",24,1,
024-02,08/01/2026 23:21:18,MyClass UMSU,myclass susah di aksess suka eror,24,2,
024-03,08/01/2026 23:21:18,WiFi Kampus,"wifinya menurut saya lancar"" saja walaupun terkadang pernah sedikit nge lag",24,3,
024-04,08/01/2026 23:21:18,Helpdesk/Technical Support,tidak ada cerita,24,4,
024-05,08/01/2026 23:21:18,Saran Peningkatan,tidak ada saran,24,5,
025-01,08/01/2026 23:24:43,Portal Akademik (WEB),"pernah beberapakali server down, yang membuat saya mengalami  kesulitan untuk mengakses sistem",25,1,
025-02,08/01/2026 23:24:43,MyClass UMSU,myclass kadang kadang susah diakses karna beberapa masalah,25,2,
025-03,08/01/2026 23:24:43,WiFi Kampus,wifi kampus memang bagus tapi terkadang susah juga buat connect,25,3,
025-04,08/01/2026 23:24:43,Helpdesk/Technical Support,tidak ada,25,4,
025-05,08/01/2026 23:24:43,Saran Peningkatan,semoga lebih baik dan lebih cepat responya,25,5,
026-01,08/01/2026 23:27:55,Portal Akademik (WEB),"Terdapat beberapa bug dan error pada sistem login, di mana pengguna sering terlogout secara tiba-tiba sehingga harus login ulang untuk mengakses halaman. Kondisi ini menimbulkan rasa kurang nyaman bagi pengguna dan hingga saat ini belum dilakukan perbaikan (fix) terhadap permasalahan tersebut. Sementara itu, dari segi fungsi, portal akademik sudah memenuhi kegunaannya dan menurut saya bahkan sudah lebih dari cukup. Pengembangan selanjutnya dapat difokuskan pada aspek tampilan (user interface) agar lebih menarik dan nyaman digunakan.",26,1,
026-02,08/01/2026 23:27:55,MyClass UMSU,"Saya tidak mengetahui apakah hal ini hanya saya yang merasakannya, namun menurut saya MyClass cukup sulit untuk dinavigasikan atau dipahami alurnya. Jika dibandingkan dengan tampilan lama, saya menilai tampilan sebelumnya lebih mudah dipahami oleh pengguna. Selain itu, terdapat beberapa error saat mengakses link pada waktu tertentu. Bahkan, saya sempat mengalami kendala pada akun saya, di mana akun tersebut tidak dapat digunakan untuk login sama sekali.
Meski demikian, saya tetap mengapresiasi tim Web UMSU yang kemungkinan besar melakukan perubahan ini sebagai upaya untuk terus berkembang dan mengikuti perkembangan zaman. Secara keseluruhan, MyClass sudah memenuhi kebutuhan mahasiswa dan dosen dalam mendukung kegiatan studi dan pembelajaran.",26,2,
026-03,08/01/2026 23:27:55,WiFi Kampus,"Untuk WiFi, menurut saya sudah cukup baik, meskipun sebagai fasilitas publik tentu ada beberapa kekurangan. Yang biasanya terjadi adalah loading yang lama dan akses yang kadang terputus.",26,3,
026-04,08/01/2026 23:27:55,Helpdesk/Technical Support,"Saya pernah menggunakan layanan support UMSU untuk meminta akun email kampus yang ingin saya gunakan untuk mengambil promo AI Gemini Pro gratis dari Google. Saya menilai layanan dan responnya cukup baik, karena saya diarahkan dan dilayani dengan baik.",26,4,
026-05,08/01/2026 23:27:55,Saran Peningkatan,"Layanan Sistem Informasi (SI) dan Teknologi Informasi (TI) di Universitas UMSU sudah berjalan dengan baik dan fungsinya sudah memenuhi kebutuhan mahasiswa, terutama dalam hal pembuatan akun email kampus dan akses layanan digital lainnya. Untuk saran, mungkin tampilan antarmuka layanan bisa diperbarui agar lebih modern dan sesuai dengan perkembangan zaman, sehingga pengalaman pengguna menjadi lebih nyaman dan menarik.",26,5,
027-01,08/01/2026 23:40:26,Portal Akademik (WEB),Baik,27,1,
027-02,08/01/2026 23:40:26,MyClass UMSU,Baik,27,2,
027-03,08/01/2026 23:40:26,WiFi Kampus,Baik,27,3,
027-04,08/01/2026 23:40:26,Helpdesk/Technical Support,Baik,27,4,
027-05,08/01/2026 23:40:26,Saran Peningkatan,Lebih ditingkatkan,27,5,
028-01,08/01/2026 23:41:16,Portal Akademik (WEB),"pernah loading lama saat mau akses, padahal sedang butuh cepat mengaksesnya.",28,1,
028-02,08/01/2026 23:41:16,MyClass UMSU,"pernah loading lama saat mau akses myclass, padahal sedang butuh cepat mengakses e-learning tersebut.",28,2,
028-03,08/01/2026 23:41:16,WiFi Kampus,"Sejauh ini baik, tidak ada kendala dalam mengakses dan menggunakannya.",28,3,
028-04,08/01/2026 23:41:16,Helpdesk/Technical Support,-,28,4,
028-05,08/01/2026 23:41:16,Saran Peningkatan,Lakukan perbaikan dalam keterbatasan kecepatan akses penggunaan myclass dan portal web.,28,5,
029-01,08/01/2026 23:49:05,Portal Akademik (WEB),"server sering down kalau sedang banyak yang akses, biasanya pagi hari saat banyak mahasiswa yang absensi.",29,1,
029-02,08/01/2026 23:49:05,MyClass UMSU,"saya suka dengan UI (user interface) dari MyClass terbaru, lebih clean dan informatif. UX (User Experience) nya juga mudah dipahami walaupun sedikit lebih kompleks dari MyClass sebelumnya",29,2,
029-03,08/01/2026 23:49:05,WiFi Kampus,"Saya suka dengan kecepatan WiFi di UMSU, sangat membantu mahasiswa dalam mengerjakan tugas di sekitaran kampus.",29,3,
029-04,08/01/2026 23:49:05,Helpdesk/Technical Support,"Respon admin cepat dan jelas, masalah cepat teratasi.",29,4,
029-05,08/01/2026 23:49:05,Saran Peningkatan,"Kapasitas akses user lebih diperbesar agar server tidak tiba-tiba down, terkhusus di pagi hari ketika trafic sedang ramai.",29,5,
030-01,08/01/2026 23:54:16,Portal Akademik (WEB),Mudah di akses,30,1,
030-02,08/01/2026 23:54:16,MyClass UMSU,Mudah di akses,30,2,
030-03,08/01/2026 23:54:16,WiFi Kampus,Jaringan nya bagus dan tidak lag,30,3,
030-04,08/01/2026 23:54:16,Helpdesk/Technical Support,"Pengalaman saya cukup baik, karena helpdesk IT UMSU merespons dan membantu menyelesaikan kendala dengan jelas, meskipun terkadang responnya lambat saat sedang ramai",30,4,
030-05,08/01/2026 23:54:16,Saran Peningkatan,Semoga lebih bagus kedepannya,30,5,
031-01,09/01/2026 0:03:06,Portal Akademik (WEB),Sejauh ini sangat aman dan mudah,31,1,
031-02,09/01/2026 0:03:06,MyClass UMSU,Saat ini saat baik digunakan,31,2,
031-03,09/01/2026 0:03:06,WiFi Kampus,Wifi umsu beberapa belakangan ini banyak mengeluh karna jaringan yang sangat tidak stabil,31,3,
031-04,09/01/2026 0:03:06,Helpdesk/Technical Support,Responnya sangat cepat dam baik,31,4,
031-05,09/01/2026 0:03:06,Saran Peningkatan,"Layanan untuk memberikan fasilitas papan peringatan ( harap tenang saat berada di lorong ) di bagian lorong gedung, karena suara mahasiswa dilorong atau di luar kelas sangat mengganggu untuk yang sedang belajar dan sedang berada di dalam kelas. Terimakasih",31,5,
032-01,09/01/2026 0:03:52,Portal Akademik (WEB),"pengalamannya kadang kalau dari web itu dia kaya harus login berkali kali kalau mau print krs, khs dan bayar ukt",32,1,
032-02,09/01/2026 0:03:52,MyClass UMSU,sejauh ini bagus sih lebih gampang di akses aja,32,2,
032-03,09/01/2026 0:03:52,WiFi Kampus,susah konekk kadang kadang plis,32,3,
032-04,09/01/2026 0:03:52,Helpdesk/Technical Support,nothing,32,4,
032-05,09/01/2026 0:03:52,Saran Peningkatan,"hmm, sarannya adalah semoga lebih tidak ngelag untuk wifi",32,5,
033-01,09/01/2026 0:34:15,Portal Akademik (WEB),"Pengalaman saya menggunakan Portal Akademik (WEB) ada yang baik dan ada juga yang kurang menyenangkan. Dari sisi positif, portal ini cukup membantu mahasiswa dalam mengakses informasi akademik seperti jadwal kuliah, KRS, KHS, dan pengumuman kampus tanpa harus datang langsung ke bagian akademik. Tampilan web juga relatif sederhana sehingga mudah dipahami, terutama untuk kebutuhan dasar mahasiswa.
Namun, pengalaman kurang baik yang saya rasakan adalah portal sering mengalami error atau lambat diakses. Hal ini cukup menghambat karena mahasiswa membutuhkan akses cepat, sementara waktu pengisian terbatas. Selain itu, terkadang data yang ditampilkan tidak langsung ter-update, sehingga menimbulkan kebingungan dan membuat mahasiswa harus mengecek berulang kali.

Secara keseluruhan, Portal Akademik sangat bermanfaat sebagai sistem informasi akademik, tetapi perlu peningkatan dari segi stabilitas sistem dan kecepatan akses agar dapat menunjang kegiatan akademik mahasiswa dengan lebih optimal.",33,1,
033-02,09/01/2026 0:34:15,MyClass UMSU,"Pengalaman saya menggunakan MyClass UMSU memiliki sisi positif dan negatif. Dari sisi positif, MyClass sangat membantu dalam proses perkuliahan karena memudahkan mahasiswa mengakses materi, menerima pengumuman, serta mengumpulkan tugas secara online dalam satu platform.
Namun, pengalaman kurang baik yang saya alami adalah pada penggunaan aplikasi di perangkat Android. Beberapa kali saya mengalami kendala saat mengunggah tugas karena fitur upload tidak berfungsi dengan baik, sehingga saya terpaksa menggunakan perangkat iOS agar tugas dapat dikirim. Hal ini cukup merepotkan, terutama bagi mahasiswa yang hanya memiliki perangkat Android. Selain itu, kendala teknis tersebut bisa menimbulkan kekhawatiran ketika batas waktu pengumpulan tugas sudah dekat.
Secara keseluruhan, MyClass UMSU sangat membantu dalam mendukung kegiatan akademik, tetapi perlu adanya perbaikan dan optimalisasi aplikasi, khususnya pada versi Android, agar semua mahasiswa dapat menggunakan platform ini secara adil dan lancar tanpa harus berganti perangkat.",33,2,
033-03,09/01/2026 0:34:15,WiFi Kampus,"Pengalaman saya menggunakan WiFi kampus UMSU memiliki sisi positif dan negatif. Dari sisi positif, keberadaan WiFi kampus sangat membantu mahasiswa dalam menunjang kegiatan perkuliahan, seperti mengakses MyClass, mencari referensi materi, dan mengerjakan tugas secara online di lingkungan kampus tanpa harus menggunakan kuota pribadi.
Namun, pengalaman kurang baik yang saya rasakan adalah koneksi WiFi kampus sering tidak stabil dan kecepatannya menurun pada jam-jam sibuk, terutama saat banyak mahasiswa terhubung secara bersamaan. Selain itu, di beberapa area kampus sinyal WiFi masih lemah atau sulit terhubung, sehingga aktivitas akademik menjadi terhambat. Kondisi ini cukup menyulitkan ketika mahasiswa membutuhkan akses internet yang cepat dan stabil.
Secara keseluruhan, WiFi kampus UMSU sangat bermanfaat, tetapi perlu adanya peningkatan dari segi kestabilan jaringan, kecepatan akses, dan pemerataan jangkauan agar dapat mendukung kegiatan akademik mahasiswa secara lebih optimal.",33,3,
033-04,09/01/2026 0:34:15,Helpdesk/Technical Support,"Saya belum pernah menggunakan layanan helpdesk atau technical support IT UMSU secara langsung, sehingga belum dapat memberikan pengalaman secara mendalam. Namun, berdasarkan informasi yang saya ketahui, layanan helpdesk IT UMSU disediakan untuk membantu mahasiswa ketika mengalami kendala teknis terkait sistem akademik dan teknologi informasi.
Ke depannya, saya berharap layanan helpdesk IT UMSU dapat diakses dengan mudah dan responsif apabila saya atau mahasiswa lain membutuhkan bantuan, sehingga permasalahan teknis dapat ditangani dengan cepat dan tidak mengganggu kegiatan akademik.",33,4,
033-05,09/01/2026 0:34:15,Saran Peningkatan,"Saran saya untuk peningkatan layanan Sistem Informasi (SI) dan Teknologi Informasi (TI) UMSU adalah meningkatkan stabilitas dan kecepatan sistem, terutama pada portal akademik dan MyClass, agar tidak sering mengalami error saat diakses bersamaan. Selain itu, perlu dilakukan optimalisasi aplikasi di berbagai perangkat, khususnya Android, agar semua mahasiswa dapat menggunakan layanan dengan nyaman.
UMSU juga dapat meningkatkan kualitas jaringan WiFi kampus dengan memperluas jangkauan dan menjaga kestabilan koneksi di seluruh area kampus. Di samping itu, layanan helpdesk atau technical support IT diharapkan lebih responsif dan mudah diakses, misalnya dengan menyediakan panduan yang jelas atau sistem pelaporan online, sehingga mahasiswa dapat menyampaikan kendala dengan cepat dan mendapatkan solusi yang efektif.",33,5,
034-01,09/01/2026 1:56:52,Portal Akademik (WEB),Tiap nekan sesuatu pasti balik lagi ke halaman homepage,34,1,
034-02,09/01/2026 1:56:52,MyClass UMSU,"Terlalu berat aplikasi mobilenya, terpaksa harus dari web untuk membuka web nya",34,2,
034-03,09/01/2026 1:56:52,WiFi Kampus,Ngelag,34,3,
034-04,09/01/2026 1:56:52,Helpdesk/Technical Support,Belum pernah make,34,4,
034-05,09/01/2026 1:56:52,Saran Peningkatan,-,34,5,
035-01,09/01/2026 5:52:22,Portal Akademik (WEB),"Saat saya menggunakan portal tersebut servernya kadang sukak down sendiri, dan harus bolak balek gitu masuknya",35,1,
035-02,09/01/2026 5:52:22,MyClass UMSU,Untuk MyClass sejauh ini baik baik saja dan tidak ada kendala,35,2,
035-03,09/01/2026 5:52:22,WiFi Kampus,"Untuk wifi kampus sejauh ini lancar saja, tapi terkadang dia sukak ngelag gitu, tpi itu jarang sih",35,3,
035-04,09/01/2026 5:52:22,Helpdesk/Technical Support,"Kalau ini saya tidak tahu, krna saya gak pernah menghubungi layanan tersebut",35,4,
035-05,09/01/2026 5:52:22,Saran Peningkatan,"Saran saya untuk portal UMSU di tingkatkan lagi biar gak capek bolak balek masuknya, dan untuk yang lainnya sudah oke.",35,5,
036-01,09/01/2026 6:15:32,Portal Akademik (WEB),loadingnya lama dan ngelag,36,1,
036-02,09/01/2026 6:15:32,MyClass UMSU,sebanarnya sudah bagus namun masih serig loading lama jadi kadang membuat hectic,36,2,
036-03,09/01/2026 6:15:32,WiFi Kampus,wifi nya susah tersambung. banyak yang menggunkan kata sandi jadi sulit masuk,36,3,
036-04,09/01/2026 6:15:32,Helpdesk/Technical Support,tidak ada,36,4,
036-05,09/01/2026 6:15:32,Saran Peningkatan,lebih fast lagi,36,5,
037-01,09/01/2026 6:38:50,Portal Akademik (WEB),"pengalaman baik saya menggunakan portal akademik yaitu fiturnya lengkap dan mudah diakses,untuk melihat data informasi dan profile pribadi juga cukup sederhana dan mudah untuk digunakan,hanya saja terkadang server sering terjadi error atau down di waktu tertentu",37,1,
037-02,09/01/2026 6:38:50,MyClass UMSU,"MyClass ini sangat bagus untuk tampilannya,mudah digunakan dan sangat mendukung dalam media pembelajaran di kampus,hanya saja ada beberapa yang perlu penyempurnaan lagi dibagian fitur tombol kembali nya karna di iphone sangat kesusahan untuk fitur kembali",37,2,
037-03,09/01/2026 6:38:50,WiFi Kampus,"untuk saat ini wifi fikti umsu sangat buruk,jaringannya lambat,dan perlu diup lagi untuk kecepatan jaringannya,karna yang akses sangat banyak",37,3,
037-04,09/01/2026 6:38:50,Helpdesk/Technical Support,belum pernah menghubungi it support,37,4,
037-05,09/01/2026 6:38:50,Saran Peningkatan,belum ada,37,5,
038-01,09/01/2026 6:46:26,Portal Akademik (WEB),Portalnya sering tidak menampilkan informasi apa-apa dan menampilkan error padahal sudah login dengan benar,38,1,
038-02,09/01/2026 6:46:26,MyClass UMSU,MyClass cukup baik dan jarang ada masalah saat mengaksesnya,38,2,
038-03,09/01/2026 6:46:26,WiFi Kampus,WiFi kampus UMSU lemot dan susah terhubung sehingga saya lebih sering menggunakan kuota pribadi untuk kebutuhan internet,38,3,
038-04,09/01/2026 6:46:26,Helpdesk/Technical Support,Saya pernah meminta email kampus lewat live chat dan direspon dengan cepat,38,4,
038-05,09/01/2026 6:46:26,Saran Peningkatan,Memperhatikan feedback dan mengecek layanan secara berkala agar mengetahui kurangnya djmana,38,5,
039-01,09/01/2026 7:31:38,Portal Akademik (WEB),"pengalaman baik: memudahkan akses informasi akademik seperti KRS, KHS, jadwal kuliah, dan pengumuman lainnya.
pengalaman buruk: sering mengalami gangguan saat sibuk (pengisian KRS atau pengumuman nilai), sehingga akses menjadi lambat atau tidak bisa dibuka.",39,1,
039-02,09/01/2026 7:31:38,MyClass UMSU,"pengalaman baik: memudahkan proses pembelajaran karena materi, tugas, dan pengumuman dosen tersedia dalam satu platform.
pengalaman buruk: terkadang lambat atau sulit diakses saat banyak mahasiswa login bersamaan, sehingga pengumpulan tugas dan akses materi menjadi terhambat.",39,2,
039-03,09/01/2026 7:31:38,WiFi Kampus,"Pengalaman Baik:
WiFi kampus UMSU membantu mahasiswa mengakses internet untuk keperluan akademik
Pengalaman Buruk:
Koneksi WiFi kampus UMSU sering tidak stabil dan lambat, terutama saat jam ramai, karena banyaknya pengguna yang terhubung secara bersamaan.",39,3,
039-04,09/01/2026 7:31:38,Helpdesk/Technical Support,belum pernah menggunakan helpdesk/technical support it UMSU,39,4,
039-05,09/01/2026 7:31:38,Saran Peningkatan,"Perlu peningkatan stabilitas jaringan dan sistem, serta layanan bantuan TI yang lebih responsif.",39,5,
040-01,09/01/2026 9:26:09,Portal Akademik (WEB),"Pengalaman baik, sih. Portal Akademik (WEB) ini lumayan gampang diakses dan fiturnya lengkap. Cuma kadang suka lemot atau down.",40,1,
040-02,09/01/2026 9:26:09,MyClass UMSU,"Pengalaman saya menggunakan MyClass UMSU cukup baik, karena bisa akses materi dan absen kelas online dengan gampang.",40,2,
040-03,09/01/2026 9:26:09,WiFi Kampus,"Pengalaman saya menggunakan WiFi kampus UMSU lumayan baik, bisa akses internet dengan cepat. Cuma kadang suka nggak terhubung.",40,3,
040-04,09/01/2026 9:26:09,Helpdesk/Technical Support,"Pengalaman saya menggunakan helpdesk/technical support IT UMSU lumayan baik, soalnya responnya cepat waktu saya lupa password akun. Mereka bantu reset password dengan cepat",40,4,
040-05,09/01/2026 9:26:09,Saran Peningkatan,Sarannya perkuat infrastruktur IT biar sistemnya lebih stabil dan nggak suka down.,40,5,
041-01,09/01/2026 9:35:16,Portal Akademik (WEB),Layanan akademik mudah diakses tetapi terkadang adanya ganguan seperti tidak bisa login dll,41,1,
041-02,09/01/2026 9:35:16,MyClass UMSU,Kami tidak menggunakan myclass dalam semester ini,41,2,
041-03,09/01/2026 9:35:16,WiFi Kampus,Jaringan tidak stabil,41,3,
041-04,09/01/2026 9:35:16,Helpdesk/Technical Support,Tidak pernah,41,4,
041-05,09/01/2026 9:35:16,Saran Peningkatan,Kedepanan layanan Umsu menjadi lebih baik,41,5,
042-01,09/01/2026 9:50:00,Portal Akademik (WEB),penggunaan layanan sistem dan teknologi informasi akademik umsu dapat saya gunakan dengan baik,42,1,
042-02,09/01/2026 9:50:00,MyClass UMSU,saya pernah ingin mengakses myclass tapi terlalu lama loading servernya.,42,2,
042-03,09/01/2026 9:50:00,WiFi Kampus,terkadang wifinya lambat ketika diperlukan,42,3,
042-04,09/01/2026 9:50:00,Helpdesk/Technical Support,saya belum pernah menghubungi helpdesk/teachical support it umsu,42,4,
042-05,09/01/2026 9:50:00,Saran Peningkatan,"dipertahankan yang sudah membuat penggunya nyaman, dan ditingkatkan lagi layanannya",42,5,
043-01,09/01/2026 10:09:27,Portal Akademik (WEB),selama menggunakan portal umsu/ myclass sejauh ini mudah digunakan tetapi terkadang suka tiba” logout dan harus login jadi memakan waktu,43,1,
043-02,09/01/2026 10:09:27,MyClass UMSU,sejauh ini menggunakan myclass sangat mudah,43,2,
043-03,09/01/2026 10:09:27,WiFi Kampus,"kalau saya memakai wifi di fikti, itu sangat baik mudah di koneksi kan dan jangkauannya juga luas tetapi kalau saya sedang ada perkuliahan di fai wifi sulit untuk digunakan. kadang bisa, kadang koneksi juga terputus dan jangkauannya tidak terlalu luas.",43,3,
043-04,09/01/2026 10:09:27,Helpdesk/Technical Support,saya pernsh menguhubungi helpdesk umsu untuk reset password portal dan e-learning respon mereka sangat cepat dan solutif,43,4,
043-05,09/01/2026 10:09:27,Saran Peningkatan,untuk kualitas layanan yg sudah oke boleh dipertahankan dan untuk layanan yg kurang boleh ditingkatkan lagi untuk mendukung aktivitas perkuliahan,43,5,
044-01,09/01/2026 10:28:50,Portal Akademik (WEB),"untuk kecepatan akses saya rasa sudah cukup baik, masalahnya hanya sering ke logout sendiri ketika pertama kali login",44,1,
044-02,09/01/2026 10:28:50,MyClass UMSU,"myclass umsu saya rasa lebih baik dari elearning sebelumnya. Hanya saja mungkin bisa untuk page utama ketika login, bisa di arahkan ke dashboard seperti elearning dulu",44,2,
044-03,09/01/2026 10:28:50,WiFi Kampus,"untuk wifi FIKTI gedung G udah cukup mumpuni untuk kebutuhan akademik, mungkin ketika terlalu banyak yang pakai bisa lag. Untuk WiFi FAI gedung F agak di ganti la itu",44,3,
044-04,09/01/2026 10:28:50,Helpdesk/Technical Support,"tidak 1 bulan lalu, tapi saya pernah menghubungkan layanan technical support IT UMSU dan pernah juga ke ruangannya, mereka menyambut dan mengarahkan dengan ramah dan baik. Dan live chat ketika meminta akun email universitas pun juga responnya sangat cepat dan di bimbing sampai tuntas.",44,4,
044-05,09/01/2026 10:28:50,Saran Peningkatan,"sarannya mungkin pertahanin kinerja yang selama ini, karena menurutku sangat oke dan para mahasiswa juga terbantu sekali, dan tidak takut untuk berdiskusi dengan mereka karena pelayanannya ramah. Mungkin butuh perbaikan pada website portal umsu melalui web bisa di upgrade seperti elearning yang menjadi myclass",44,5,
045-01,09/01/2026 10:36:45,Portal Akademik (WEB),"Pengalaman saya menggunakan Portal Akademik (WEB) cukup baik, karena fitur seperti KRS, KHS, dan jadwal kuliah mudah diakses dalam satu tempat. Namun, ada pengalaman kurang nyaman saat portal lambat atau sulit diakses pada jam sibuk (misalnya saat pengisian KRS), sehingga proses menjadi lebih lama dan perlu mencoba berulang kali.",45,1,
045-02,09/01/2026 10:36:45,MyClass UMSU,"Pengalaman saya menggunakan MyClass UMSU cukup baik karena memudahkan akses materi kuliah, pengumpulan tugas, dan melihat pengumuman dari dosen dalam satu platform. Namun, terkadang muncul kendala teknis seperti laman yang lambat dibuka atau error saat mengunggah tugas, terutama ketika banyak mahasiswa mengakses secara bersamaan.",45,2,
045-03,09/01/2026 10:36:45,WiFi Kampus,"Pada waktu tertentu koneksi menjadi lambat atau tidak stabil, terutama di area yang ramai",45,3,
045-04,09/01/2026 10:36:45,Helpdesk/Technical Support,"Pengalaman saya menggunakan helpdesk/technical support IT UMSU cukup baik, karena petugas responsif dan membantu ketika saya mengalami kendala login pada MyClass/Portal Akademik.",45,4,
045-05,09/01/2026 10:36:45,Saran Peningkatan,"Saran saya untuk peningkatan layanan SI & TI UMSU adalah meningkatkan stabilitas dan kapasitas server, terutama pada jam sibuk seperti pengisian KRS dan pengumpulan tugas, agar sistem tidak lambat atau error.",45,5,
046-01,09/01/2026 11:51:25,Portal Akademik (WEB),"Webnya jarang diketahui, apalagi sama anak semester 1. Terus loginnya bikin bingung kalo masih awal awal. Bagusnya ada pelatihan sih buat gunainnya, atau kalo ada link tutorialnya, baiknya di share. Meskipun mahasiswa bisa search sendiri ya, tapi alangkah baiknya si share aja.",46,1,
046-02,09/01/2026 11:51:25,MyClass UMSU,"Kadang loading dari aplikasinya lama, aku pikir jaringanku yang ga bagus, ternyata yang lain juga gitu. Akhirnya,buka lewat web aja deh. Terus, dulu gabisa download materi myclass lewat aplikasi, harus lewat web baru bisa download materi. Tapi sekarang udah bisa kok.",46,2,
046-03,09/01/2026 11:51:25,WiFi Kampus,"Kalok ganti password bilangin di grup lahh, jangan di tempel aja. Gapapa sih sebenernya, biar ada komplain aja.",46,3,
046-04,09/01/2026 11:51:25,Helpdesk/Technical Support,Gapernah ngehubungin,46,4,
046-05,09/01/2026 11:51:25,Saran Peningkatan,"Banyak banyak di share tutorial penggunaannya, kalo servernya lagi down, dikabarin ya.",46,5,
047-01,13/01/2026 12:32:09,Portal Akademik (WEB),lemott,47,1,
047-02,13/01/2026 12:32:09,MyClass UMSU,lemot,47,2,
047-03,13/01/2026 12:32:09,WiFi Kampus,"lemott, di pertanian jg ga semua kelas wifi nya lancar",47,3,
047-04,13/01/2026 12:32:09,Helpdesk/Technical Support,lemot,47,4,
047-05,13/01/2026 12:32:09,Saran Peningkatan,tingkatkan lagi,47,5,
048-01,28/01/2026 21:12:15,Portal Akademik (WEB),"buruk nya pas login di portal 
baik nyaa mudah dipahamin",48,1,
048-02,28/01/2026 21:12:15,MyClass UMSU,"baik nya mudah diakses
buruknya kenapa harus login ulang di myclalss",48,2,
048-03,28/01/2026 21:12:15,WiFi Kampus,"baiknya tidak lag
buruknya timbul muncul wifinya",48,3,
048-04,28/01/2026 21:12:15,Helpdesk/Technical Support,.,48,4,
048-05,28/01/2026 21:12:15,Saran Peningkatan,akses ke myclas nya diperbaikin lagi,48,5,
049-01,28/01/2026 21:33:39,Portal Akademik (WEB),Pertama kali saya masuk ke portal umsu itu server down parah mungkin karna banyak mahasiswa baru jadi down mungkin,49,1,
049-02,28/01/2026 21:33:39,MyClass UMSU,Normal normal aja,49,2,
049-03,28/01/2026 21:33:39,WiFi Kampus,Tidak ada selama ini bagus bagus aja,49,3,
049-04,28/01/2026 21:33:39,Helpdesk/Technical Support,Saya tidak tau karna ga perna pakai mungkin bagus2 aja kali,49,4,
049-05,28/01/2026 21:33:39,Saran Peningkatan,Tolong perbaiki agar tidak down saat masuk pembelajaran baru,49,5,
050-01,28/01/2026 21:39:03,Portal Akademik (WEB),Agak lag aja,50,1,
050-02,28/01/2026 21:39:03,MyClass UMSU,Agak lag aja,50,2,
050-03,28/01/2026 21:39:03,WiFi Kampus,Agak lag,50,3,
050-04,28/01/2026 21:39:03,Helpdesk/Technical Support,Belun pernah menggunakan,50,4,
050-05,28/01/2026 21:39:03,Saran Peningkatan,Respon lebih cepat,50,5,
051-01,28/01/2026 21:47:06,Portal Akademik (WEB),"Baiknya itu kalau yg dari web itu lengkap apa aja bisa dibuat terkait dengan perkuliahan ya
Contohnya itu: mau nyari KRS,KHS dan pembayaran terkait untuk kuliah itu ada semua lengkap

Tapi buruknya itu kalau udh login pas mau akses sesuatu malaah balik ke laman login
Contohnya nih ya: aku mau akses ke bagian pembayaran wajib dri web itu kadang klau udh dipilih bagian itu kadang tuh webnya balik lagi ke laman login gitu",51,1,
051-02,28/01/2026 21:47:06,MyClass UMSU,"Baiknya itu ya, myclass itu dh kek versi ke-2 dari e-learning karna dari visualnya itu enak dilihat dan rapi tapi,
Buruknya itu, agak asing untuk nyari maatkul kaarna lebih rapi itu kaadang sulit untuk nyari matkul yg mu diambil",51,2,
051-03,28/01/2026 21:47:06,WiFi Kampus,"Enaknya itu wifinya bagus, kencang no debat dan mudah diakses kaarna semua mahasiswa diberikn akses untuk itu
Ga enaknya itu pas agak jauh dri wilayah kampus seperti di belakang gerbang atau pun dihalaaman kampus, itu signal full namun jaaringan kaadanng masuk kaadang ga gitu",51,3,
051-04,28/01/2026 21:47:06,Helpdesk/Technical Support,Baik buruknya saya kurang tau kaarna jarang saya ketahui juga,51,4,
051-05,28/01/2026 21:47:06,Saran Peningkatan,Wifi nya sih yg harusnya karna diera skrng wifi itu penting banget,51,5,
052-01,28/01/2026 21:49:13,Portal Akademik (WEB),"Saya kadang susah untuk login, server down dll",52,1,
052-02,28/01/2026 21:49:13,MyClass UMSU,-,52,2,
052-03,28/01/2026 21:49:13,WiFi Kampus,Susah untuk masuk wifi kampus walaupun sudah tau kata sandi yang benar,52,3,
052-04,28/01/2026 21:49:13,Helpdesk/Technical Support,-,52,4,
052-05,28/01/2026 21:49:13,Saran Peningkatan,-,52,5,
053-01,28/01/2026 21:49:17,Portal Akademik (WEB),Selama menggunakan tidak ada kendala kecuali server down atau tidak dapat di akses,53,1,
053-02,28/01/2026 21:49:17,MyClass UMSU,Sejauh ini tidak ada kendala dalam penggunaan bagi saya,53,2,
053-03,28/01/2026 21:49:17,WiFi Kampus,Wifi nya lumayan,53,3,
053-04,28/01/2026 21:49:17,Helpdesk/Technical Support,Lumayan cepat responnya,53,4,
053-05,28/01/2026 21:49:17,Saran Peningkatan,Pelayanan secara offline nya aja lebih di perlancar,53,5,
054-01,28/01/2026 21:50:34,Portal Akademik (WEB),waktu server time out terlalu cepat sehingga harus login ulang padahal hanya ditinggal sebentar,54,1,
054-02,28/01/2026 21:50:34,MyClass UMSU,-,54,2,
054-03,28/01/2026 21:50:34,WiFi Kampus,-,54,3,
054-04,28/01/2026 21:50:34,Helpdesk/Technical Support,-,54,4,
054-05,28/01/2026 21:50:34,Saran Peningkatan,-,54,5,
055-01,28/01/2026 21:51:29,Portal Akademik (WEB),Portal akademik mudah diakses tetapi kadang servernya down jadi tidak bisa dibuka,55,1,
055-02,28/01/2026 21:51:29,MyClass UMSU,My class mudah di akses dan materi materi yg diberi dosen dpt di akses di myclass,55,2,
055-03,28/01/2026 21:51:29,WiFi Kampus,Wifi kampus lancar,55,3,
055-04,28/01/2026 21:51:29,Helpdesk/Technical Support,-,55,4,
055-05,28/01/2026 21:51:29,Saran Peningkatan,-,55,5,
056-01,28/01/2026 21:55:58,Portal Akademik (WEB),baiknya mudah digunakan buruknya kadang keluar sendiri jadi harus login ulang,56,1,
056-02,28/01/2026 21:55:58,MyClass UMSU,"baiknya mudah diakses, buruknya kadang server eror sehingga kadang keluar sendiri dari myclass sehingga harus login ulang.",56,2,
056-03,28/01/2026 21:55:58,WiFi Kampus,"wifi kampus mudah diakses dimana saja sehingga mempermudah mahasiswa ketika di kampus, minusnya mungkin kadang ngelag karena banyak yang pakai.",56,3,
056-04,28/01/2026 21:55:58,Helpdesk/Technical Support,baiknya mereka merespon dengan cepat,56,4,
056-05,28/01/2026 21:55:58,Saran Peningkatan,menjadi lebih baik lagi.,56,5,
057-01,28/01/2026 21:57:38,Portal Akademik (WEB),.,57,1,
057-02,28/01/2026 21:57:38,MyClass UMSU,.,57,2,
057-03,28/01/2026 21:57:38,WiFi Kampus,"baik, membantu disaat kuota habis",57,3,
057-04,28/01/2026 21:57:38,Helpdesk/Technical Support,tidak pernah menggunakan,57,4,
057-05,28/01/2026 21:57:38,Saran Peningkatan,.,57,5,
058-01,28/01/2026 21:58:33,Portal Akademik (WEB),"baik, portal akademik jika dibuka dari google sering eror saat ingin membuka menu contohnya saat ingin melihat nilai",58,1,
058-02,28/01/2026 21:58:33,MyClass UMSU,"baik, my class mudah dipahami",58,2,
058-03,28/01/2026 21:58:33,WiFi Kampus,jaringan sering lemot mungkin karena terlalu banyak yang make,58,3,
058-04,28/01/2026 21:58:33,Helpdesk/Technical Support,layanan nya baik,58,4,
058-05,28/01/2026 21:58:33,Saran Peningkatan,layanan si dan ti sudah cukup baik,58,5,
059-01,28/01/2026 22:00:12,Portal Akademik (WEB),disaat mau login menu pembayaran atau menu lainnya kadang error,59,1,
059-02,28/01/2026 22:00:12,MyClass UMSU,"aman, baik",59,2,
059-03,28/01/2026 22:00:12,WiFi Kampus,kadang ngelaggg,59,3,
059-04,28/01/2026 22:00:12,Helpdesk/Technical Support,"tidak pernah mengalami kendala, jadi kurang paham🙏",59,4,
059-05,28/01/2026 22:00:12,Saran Peningkatan,semoga makin baik,59,5,
060-01,28/01/2026 22:09:09,Portal Akademik (WEB),sejauh ini sangat baik tapi sering bermasalah pada saat login sering terjadi error,60,1,
060-02,28/01/2026 22:09:09,MyClass UMSU,baik tidak ada kendala sama sekali,60,2,
060-03,28/01/2026 22:09:09,WiFi Kampus,pengalaman saya tentang wifi kampus masi kurang bagus kalo untuk lantai 6 dan 7,60,3,
060-04,28/01/2026 22:09:09,Helpdesk/Technical Support,"baik dan responnya cepat, contohnya ketika lupa sandi untuk my class",60,4,
060-05,28/01/2026 22:09:09,Saran Peningkatan,"Meningkatkan stabilitas dan kecepatan sistem SI & TI, terutama saat jam sibuk seperti pengisian KRS atau akses portal akademik, karena sering terjadi lambat/error yang menghambat aktivitas mahasiswa",60,5,
061-01,28/01/2026 22:11:04,Portal Akademik (WEB),Saat saya menggunakan web lebih sering error,61,1,
061-02,28/01/2026 22:11:04,MyClass UMSU,Mempermudah saya dalam pembelajaran,61,2,
061-03,28/01/2026 22:11:04,WiFi Kampus,Saat saya menggunakan wifi terkadang lama connect dan jaringannya tidak stabil,61,3,
061-04,28/01/2026 22:11:04,Helpdesk/Technical Support,Responnya cepat,61,4,
061-05,28/01/2026 22:11:04,Saran Peningkatan,Sarannya semoga dapat diperbaiki sehingga untuk masuk web tidak error,61,5,
062-01,28/01/2026 22:15:52,Portal Akademik (WEB),"Burik, masih banyak celah keamanan nya. Banyak bug",62,1,
062-02,28/01/2026 22:15:52,MyClass UMSU,Belum pernah pake. Tapi berdasarkan CVE dan version yang digunakan ada indikasi celah keamanan role,62,2,
062-03,28/01/2026 22:15:52,WiFi Kampus,"Boleh lah, cuman hal yang biasa saya dapatkan jika banyak user menggunakan. Jadi ngelag/traffic dikarenakan banyak pengguna yang terhubung.",62,3,
062-04,28/01/2026 22:15:52,Helpdesk/Technical Support,Better lah pelayanan nya,62,4,
062-05,28/01/2026 22:15:52,Saran Peningkatan,Terlalu cuek ketika report keamanan wkwkwk,62,5,
063-01,28/01/2026 22:22:48,Portal Akademik (WEB),sejauh ini saat saya ini menggunakan portal tidak ada kendala sedikit pun,63,1,
063-02,28/01/2026 22:22:48,MyClass UMSU,saat saya ingin menggunakan myclass untuk absen kadang saya mengalami loading yang agak lama pdhl internet saya tidak lag saya harus menunggu beberapa menit untuk memilih mata kuliah yang akan diabsenkan/materi yang sudah disediakan,63,2,
063-03,28/01/2026 22:22:48,WiFi Kampus,tetapi sering sekali wifi nya ngelag mungkin dikarenakan banyak yang memakai wifi tersebut,63,3,
063-04,28/01/2026 22:22:48,Helpdesk/Technical Support,belum pernah memakai helpdesk karena sejauh ini tidak ada kendala,63,4,
063-05,28/01/2026 22:22:48,Saran Peningkatan,saran saya mohon ditingkatkan lagi wifi yang ada di gedung SI&TI,63,5,
064-01,28/01/2026 22:31:41,Portal Akademik (WEB),"sejauh ini baik sih ya, cuma sesekali ada kendala, kaya error, waktu login terus mau cari krs atau khs, tiba tiba ke log out gt, but so far so good lah",64,1,
064-02,28/01/2026 22:31:41,MyClass UMSU,"jujur ya, antara aku yg kudet atau gmn, tp baru ini dengar myclass biasanya pake e-learning sih, apakah ini sama? cm istilah ny yg beda skrng? dan fyi aku semester ini ikut exchange jd ga ngikuti pembelajaran UMSU",64,2,
064-03,28/01/2026 22:31:41,WiFi Kampus,"nah ini yg paling sering sy gunain, ngebantu kali, gacor, cm saran aja kalo bisa koneksi ny bisa agak jauhan dikit hehe",64,3,
064-04,28/01/2026 22:31:41,Helpdesk/Technical Support,"pernah lupa sandi portal, dan lngsng di selesain masalahnya saat itu jg, good job",64,4,
064-05,28/01/2026 22:31:41,Saran Peningkatan,"pertahankan yang sudah ada, cm kalo bisa perbaiki beberapa aspek yg masih kurang, seperti yg saya ketik di sebelumnya",64,5,
065-01,28/01/2026 22:32:18,Portal Akademik (WEB),Saat pengisian KRS kadang tidak bisa login ke portal,65,1,
065-02,28/01/2026 22:32:18,MyClass UMSU,Lebih mudah untuk masuk ke Myclass sesuai matkul,65,2,
065-03,28/01/2026 22:32:18,WiFi Kampus,Terkadang tidak ada jaringan dari WiFi nya,65,3,
065-04,28/01/2026 22:32:18,Helpdesk/Technical Support,Saat ini saya belum pernah menggunakan support IT,65,4,
065-05,28/01/2026 22:32:18,Saran Peningkatan,Tidak ada,65,5,
066-01,28/01/2026 22:33:16,Portal Akademik (WEB),Keren,66,1,
066-02,28/01/2026 22:33:16,MyClass UMSU,Keren tapi lambat,66,2,
066-03,28/01/2026 22:33:16,WiFi Kampus,Kere,66,3,
066-04,28/01/2026 22:33:16,Helpdesk/Technical Support,Keren,66,4,
066-05,28/01/2026 22:33:16,Saran Peningkatan,Pakai google atau cara lama,66,5,
067-01,28/01/2026 22:33:39,Portal Akademik (WEB),ketika login sering tibatiba log out sendiri dan harus login ulang. itu mengganggu😥,67,1,
067-02,28/01/2026 22:33:39,MyClass UMSU,myclass simple & mudah ketika tidak sedang eror,67,2,
067-03,28/01/2026 22:33:39,WiFi Kampus,"wifi susah dijangkau, dan koneksinya kurang stabil.",67,3,
067-04,28/01/2026 22:33:39,Helpdesk/Technical Support,baik aja,67,4,
067-05,28/01/2026 22:33:39,Saran Peningkatan,Mohon merespons dengan cepat🙏🏻,67,5,
068-01,28/01/2026 22:36:14,Portal Akademik (WEB),Sangat Baik karena fitur yang digunakan sangat mudah dipahami,68,1,
068-02,28/01/2026 22:36:14,MyClass UMSU,baik dengan apk yang mudah digunakan,68,2,
068-03,28/01/2026 22:36:14,WiFi Kampus,jarang memakai wifi kampus karena sandi yang tidak tahu dan beberapa titik yang tidak bisa dijangkau,68,3,
068-04,28/01/2026 22:36:14,Helpdesk/Technical Support,Saya jarang menggunakan nya,68,4,
068-05,28/01/2026 22:36:14,Saran Peningkatan,Lebih meminimalisir gangguan jaringan yang ada,68,5,
069-01,28/01/2026 22:36:14,Portal Akademik (WEB),"pengalaman saya menggunakan portal cukup baik karena memudahkan akses KRS dan jadwal, meskipun terkadang lambat saat banyak pengguna mengakses bersamaan.",69,1,
069-02,28/01/2026 22:36:14,MyClass UMSU,"pengalaman saya menggunakan MyClass UMSU cukup baik karena memudahkan akses materi dan pengumpulan tugas, meski kadang loading lama.",69,2,
069-03,28/01/2026 22:36:14,WiFi Kampus,pengalaman saya menggunakan WiFi kampus cukup baik dan stabil karena koneksinya lancar saat digunakan untuk akses materi kuliah dan tugas.,69,3,
069-04,28/01/2026 22:36:14,Helpdesk/Technical Support,saya belum pernah menggunakan helpdesk/technical support IT UMSU dikarenakan belum ada kendala.,69,4,
069-05,28/01/2026 22:36:14,Saran Peningkatan,layanan SI & TI UMSU sebaiknya meningkatkan stabilitas server dan kecepatan akses agar sistem tetap lancar saat jam sibuk.,69,5,
070-01,28/01/2026 22:52:20,Portal Akademik (WEB),"sering kesulitan untuk login, contohnya salah pasword, padahal pasword yg dimasukan telah benar dan harus dicoba berkali-kali baru bisa masuk keportal",70,1,
070-02,28/01/2026 22:52:20,MyClass UMSU,selama perkuliahan tidak menggunakan myclass,70,2,
070-03,28/01/2026 22:52:20,WiFi Kampus,"wifi sering disconnect sendiri, mungkin karna penggunanya terlalu banyak",70,3,
070-04,28/01/2026 22:52:20,Helpdesk/Technical Support,Tidak pernah menghubungi layanan bantuan,70,4,
070-05,28/01/2026 22:52:20,Saran Peningkatan,Tidak pernah menghubungi layanan bantuan,70,5,
071-01,28/01/2026 22:53:30,Portal Akademik (WEB),pengalaman buruk saya eror saat login,71,1,
071-02,28/01/2026 22:53:30,MyClass UMSU,pengalaman buruk saya sering eror saat login ke web contohnya saat mau absen,71,2,
071-03,28/01/2026 22:53:30,WiFi Kampus,saya puas karena mudah terhubungan dan stabil,71,3,
071-04,28/01/2026 22:53:30,Helpdesk/Technical Support,saya tidak pernah menghubungi layanan bantuan technical IT UMSU,71,4,
071-05,28/01/2026 22:53:30,Saran Peningkatan,tidak ada,71,5,
072-01,28/01/2026 22:54:11,Portal Akademik (WEB),"Terkadang sering eror, misalnya ketika membuka bagian tagihan pembayaran, saat di klik malah kembali ke menu log in.",72,1,
072-02,28/01/2026 22:54:11,MyClass UMSU,"Aplikasi baru (MyClass) menurut saya sudah lebih baik dari sebelumnya, sudah jarang terjadi eror dan kesulitan (stuck loading) saat log in.",72,2,
072-03,28/01/2026 22:54:11,WiFi Kampus,"Menurut saya sudah baik, terdapat banyak wifi dilingkungan kampus, jadi wifi bisa di akses di seluruhnya.",72,3,
072-04,28/01/2026 22:54:11,Helpdesk/Technical Support,-,72,4,
072-05,28/01/2026 22:54:11,Saran Peningkatan,"Saya berharap layanan terus di perhatikan agar semakin optimal, dan eror semakin jarang terjadi.",72,5,
073-01,28/01/2026 22:56:18,Portal Akademik (WEB),"pengalaman saat menggunakan portal akademik sangat baik, walaupun kadang saat login suka ke log out sendiri, tapi keseluruhan sangat baik untuk urusan perkuliahan seperti isi krs dan lihat khs",73,1,
073-02,28/01/2026 22:56:18,MyClass UMSU,"sangat baik ui dan ux, mudah di pahami tidak membuat bingung saat menggunakannya melihat tugas,materi,absen sangat gampang di akses",73,2,
073-03,28/01/2026 22:56:18,WiFi Kampus,"keseluruhan sangat baik, walaupun kadang kecepatan lambat tapi mungkin karena banyak di akses orang dalam waktu bersamaan",73,3,
073-04,28/01/2026 22:56:18,Helpdesk/Technical Support,untuk techinal support saya tidak berkomentar karena ga pernah menggunakan layanannya,73,4,
073-05,28/01/2026 22:56:18,Saran Peningkatan,"secara keseluruhan, layanan SI dan TI sangat baik portal selalu bisa di akses kapan pun myclass juga sangat baik dalam membantu perkuliahan",73,5,
074-01,28/01/2026 22:59:23,Portal Akademik (WEB),"Web nya sangat membantu , tetapi terkadang sering down",74,1,
074-02,28/01/2026 22:59:23,MyClass UMSU,Tidak ada,74,2,
074-03,28/01/2026 22:59:23,WiFi Kampus,Tidak ada,74,3,
074-04,28/01/2026 22:59:23,Helpdesk/Technical Support,Tidak ada,74,4,
074-05,28/01/2026 22:59:23,Saran Peningkatan,Supaya tidak sering erorr,74,5,
075-01,28/01/2026 23:03:10,Portal Akademik (WEB),selalu sering login ulang,75,1,
075-02,28/01/2026 23:03:10,MyClass UMSU,terlalu ribet tata letak untuk materi belajarnya,75,2,
075-03,28/01/2026 23:03:10,WiFi Kampus,tidak stabil,75,3,
075-04,28/01/2026 23:03:10,Helpdesk/Technical Support,-,75,4,
075-05,28/01/2026 23:03:10,Saran Peningkatan,-,75,5,
076-01,28/01/2026 23:04:53,Portal Akademik (WEB),"terkadang eror saat di akses, contohnya loading lama",76,1,
076-02,28/01/2026 23:04:53,MyClass UMSU,myclas terkadang mengalami eror jika ingin mengirim tugas harus membuka dari web (google),76,2,
076-03,28/01/2026 23:04:53,WiFi Kampus,wifi kampus umsu sering ngelag/logout,76,3,
076-04,28/01/2026 23:04:53,Helpdesk/Technical Support,tidak pernah menggunakan,76,4,
076-05,28/01/2026 23:04:53,Saran Peningkatan,-,76,5,
077-01,28/01/2026 23:07:21,Portal Akademik (WEB),ribet kalo nyari kelas,77,1,
077-02,28/01/2026 23:07:21,MyClass UMSU,gatau lupa,77,2,
077-03,28/01/2026 23:07:21,WiFi Kampus,gapernah pake,77,3,
077-04,28/01/2026 23:07:21,Helpdesk/Technical Support,gatau gapernah,77,4,
077-05,28/01/2026 23:07:21,Saran Peningkatan,terserah ajaa,77,5,
078-01,29/01/2026 0:33:11,Portal Akademik (WEB),sering ke login ulang ketika digunakan,78,1,
078-02,29/01/2026 0:33:11,MyClass UMSU,tidak ada kendala,78,2,
078-03,29/01/2026 0:33:11,WiFi Kampus,jaringan kurang stabil saat digunakan(wifi lantai 6 fikti),78,3,
078-04,29/01/2026 0:33:11,Helpdesk/Technical Support,tidak pernah melapor,78,4,
078-05,29/01/2026 0:33:11,Saran Peningkatan,tidak ada kekurangan,78,5,
079-01,29/01/2026 4:53:52,Portal Akademik (WEB),web umsu sangat baik cuma terkadang suka nge down server nya saat masuk dan login tiba-tiba keluar lagi gk bisa,79,1,
079-02,29/01/2026 4:53:52,MyClass UMSU,my class saya jarang pakai cuma bagus,79,2,
079-03,29/01/2026 4:53:52,WiFi Kampus,wifi nya bagus cuma jaringan nya kadang suka hilang,79,3,
079-04,29/01/2026 4:53:52,Helpdesk/Technical Support,bagus,79,4,
079-05,29/01/2026 4:53:52,Saran Peningkatan,bagus,79,5,
080-01,29/01/2026 5:57:38,Portal Akademik (WEB),Portal mudah di pahami tetapi terkadang server harus login 2 x akibat sistem server yang kurang kuat,80,1,
080-02,29/01/2026 5:57:38,MyClass UMSU,Saya jarang pakai my class untuk pembelajaran akibat kurang mengetahui secara rinci cara penggunaan nya .,80,2,
080-03,29/01/2026 5:57:38,WiFi Kampus,"Saat saya di kampus selalu menggunakan WiFi dan itu sangat membantu , secara jaringan sangat memadai untun membantu aktivitas akademik saya",80,3,
080-04,29/01/2026 5:57:38,Helpdesk/Technical Support,"Membantu saya dalam menanyakan terkait permasalahan akademik saya , contoh nya di saat saya lupa username atau sandi akun akademik saya",80,4,
080-05,29/01/2026 5:57:38,Saran Peningkatan,Bagus aja,80,5,
081-01,29/01/2026 6:40:20,Portal Akademik (WEB),seringnya masalah yang buat males buka portal tu karena servernya down dan ngelag kalau login,81,1,
081-02,29/01/2026 6:40:20,MyClass UMSU,jujur aku lebih suka tampilan Elearning UMSU yang lama daripada MyClass yang sekarang,81,2,
081-03,29/01/2026 6:40:20,WiFi Kampus,kalau uda di lantai 3 atau 4 wifi tu mulai gaada wujudnya wkwk,81,3,
081-04,29/01/2026 6:40:20,Helpdesk/Technical Support,aku jarang dan hampir gak pernah pakai helpdesk IT ini,81,4,
081-05,29/01/2026 6:40:20,Saran Peningkatan,"portal dan my class tu paling sering digunakan mahasiswa, tolong makin ditingkatkan sistemnya supaya gak terus terusan down servernyaa",81,5,
082-01,29/01/2026 7:44:15,Portal Akademik (WEB),"Saat login server selalu terlepas alias logout otomatis sehingga harus log in ulang, dan juga halaman nya juga lari² sehingga repot harus mencari dari awal halaman lagi",82,1,
082-02,29/01/2026 7:44:15,MyClass UMSU,Saat mengerjakan tugas informasi yg di berikan mengenai cara pengerjaan kurang jelas,82,2,
082-03,29/01/2026 7:44:15,WiFi Kampus,Wifi selalu terputus dan tidak cukup untuk menjangkau seluruh kelas,82,3,
082-04,29/01/2026 7:44:15,Helpdesk/Technical Support,"Pengalaman dari teman saya, cukup bingung arahan dari heldesk karena penyampaiannya yg singkat",82,4,
082-05,29/01/2026 7:44:15,Saran Peningkatan,"Diberikan solusi lebih jelas, jika harus menghubungi langsung berikan jam operasionalnya atau no yg dapat dihubungi",82,5,
083-01,29/01/2026 10:35:31,Portal Akademik (WEB),Baik dan dapat dimengerti akhir” ini,83,1,
083-02,29/01/2026 10:35:31,MyClass UMSU,Awal nya tidak mudah namun akhir” ini saya mulai paham,83,2,
083-03,29/01/2026 10:35:31,WiFi Kampus,"Alhamdulillah lancar hampir seluruh titik saya ddk ada wifi , palingan lantai 4 susah Connect dan juga lantai 3",83,3,
083-04,29/01/2026 10:35:31,Helpdesk/Technical Support,Blom pernah,83,4,
083-05,29/01/2026 10:35:31,Saran Peningkatan,Menjadi lebih naik lagi,83,5,
084-01,29/01/2026 13:25:12,Portal Akademik (WEB),"Server sering log out sendiri ketika mau cetak krs,bayar uang kuliah dsb",84,1,
084-02,29/01/2026 13:25:12,MyClass UMSU,Kadang bingung mau cari matkul nya,84,2,
084-03,29/01/2026 13:25:12,WiFi Kampus,Wifi nya kurang lancar,84,3,
084-04,29/01/2026 13:25:12,Helpdesk/Technical Support,-,84,4,
084-05,29/01/2026 13:25:12,Saran Peningkatan,-,84,5,
085-01,29/01/2026 14:07:22,Portal Akademik (WEB),"Pengalaman positif, Portal Akademik sangat bermanfaat dalam mengakses informasi akademik secara terpusat, seperti Kartu Rencana Studi (KRS), Kartu Hasil Studi (KHS), jadwal perkuliahan, nilai, serta pengumuman akademik. Dengan adanya portal ini, mahasiswa tidak perlu datang langsung ke bagian akademik untuk mengurus administrasi dasar, sehingga lebih efisien dari segi waktu dan tenaga. Selain itu, tampilan menu yang terstruktur memudahkan mahasiswa dalam mencari informasi yang dibutuhkan.

Namun, saya juga mengalami pengalaman kurang baik saat menggunakan Portal Akademik. Beberapa kali sistem sulit diakses terutama pada masa pengisian KRS atau saat mendekati batas waktu tertentu. Hal ini kemungkinan disebabkan oleh tingginya jumlah pengguna yang mengakses secara bersamaan, sehingga server menjadi lambat atau mengalami error. Selain itu, terkadang terdapat keterlambatan pembaruan data, seperti nilai yang belum langsung muncul atau perubahan jadwal yang tidak segera terupdate, sehingga menimbulkan kebingungan bagi mahasiswa.",85,1,
085-02,29/01/2026 14:07:22,MyClass UMSU,bagusss,85,2,
085-03,29/01/2026 14:07:22,WiFi Kampus,tidak adaa,85,3,
085-04,29/01/2026 14:07:22,Helpdesk/Technical Support,tidak ada,85,4,
085-05,29/01/2026 14:07:22,Saran Peningkatan,tidak ada,85,5,
086-01,29/01/2026 14:23:37,Portal Akademik (WEB),"Terkadang gampang di akses 
Kadang juga lemot dan sulit di akses",86,1,
086-02,29/01/2026 14:23:37,MyClass UMSU,Terlalu ribet,86,2,
086-03,29/01/2026 14:23:37,WiFi Kampus,Bolehla,86,3,
086-04,29/01/2026 14:23:37,Helpdesk/Technical Support,.,86,4,
086-05,29/01/2026 14:23:37,Saran Peningkatan,Upgrade bug,86,5,
087-01,29/01/2026 15:54:52,Portal Akademik (WEB),server sering down aih,87,1,
087-02,29/01/2026 15:54:52,MyClass UMSU,untuk ios masi sering lag,87,2,
087-03,29/01/2026 15:54:52,WiFi Kampus,wifi tersedia tapi jaringan gada,87,3,
087-04,29/01/2026 15:54:52,Helpdesk/Technical Support,ga pernah,87,4,
087-05,29/01/2026 15:54:52,Saran Peningkatan,semoga di perhatikan kembali karna wifi sangat membangu dalam proses belajar,87,5,
088-01,30/01/2026 15:31:07,Portal Akademik (WEB),Server eror contohnya pada saat saya lagi memposting tugas. Kemudian jika masuk ke portal sering log out sendiri padahal baru login.,88,1,
088-02,30/01/2026 15:31:07,MyClass UMSU,"Susah untuk masuk ke grup mata kuliah, untuk masukim passwordnya sering salah padahal sudah diketik dengan benar",88,2,
088-03,30/01/2026 15:31:07,WiFi Kampus,Sering full wifinya,88,3,
088-04,30/01/2026 15:31:07,Helpdesk/Technical Support,Lama dilayanin,88,4,
088-05,30/01/2026 15:31:07,Saran Peningkatan,"Hendak lebih up to date lagi, grafiknya juga",88,5,
089-01,30/01/2026 16:00:16,Portal Akademik (WEB),Saya jika login melalui web itu sering login tetapi loginnya sering kembali ke branda yang lainnya baik,89,1,
089-02,30/01/2026 16:00:16,MyClass UMSU,Baik sih,89,2,
089-03,30/01/2026 16:00:16,WiFi Kampus,Wifi dulu sering down,89,3,
089-04,30/01/2026 16:00:16,Helpdesk/Technical Support,"Waktu itu saya lupa pasword ,saya hubungin pihak bersangkutan ,dan beres",89,4,
089-05,30/01/2026 16:00:16,Saran Peningkatan,Saya lihat di internet daftar nama mahasiswa umsu bisa di hack,89,5,
090-01,30/01/2026 21:56:58,Portal Akademik (WEB),"Sangat membantu saya, terimakasi",90,1,
090-02,30/01/2026 21:56:58,MyClass UMSU,Memudahkn saya utk akses ulang materi,90,2,
090-03,30/01/2026 21:56:58,WiFi Kampus,"Ga selalu bagus jaringan, apalagi kalo udh di lantai 4",90,3,
090-04,30/01/2026 21:56:58,Helpdesk/Technical Support,Saya jarang terkendala,90,4,
090-05,30/01/2026 21:56:58,Saran Peningkatan,Sudah cukup baik,90,5,
091-01,30/01/2026 22:20:41,Portal Akademik (WEB),Mantap sekali dan lebih ditingkatkan lagi,91,1,
091-02,30/01/2026 22:20:41,MyClass UMSU,Lebih ditingkatkan lagi si servernya,91,2,
091-03,30/01/2026 22:20:41,WiFi Kampus,Lebih diperbanyak lagi wifinya,91,3,
091-04,30/01/2026 22:20:41,Helpdesk/Technical Support,Mantap sekali,91,4,
091-05,30/01/2026 22:20:41,Saran Peningkatan,Ya lebih ditingkat kan pelayanannya,91,5,
092-01,30/01/2026 22:25:10,Portal Akademik (WEB),"Pengalaman saya menggunakan Portal Akademik (WEB) cukup baik, karena tampilannya sederhana dan fitur-fiturnya membantu, seperti pengecekan KRS, KHS, dan jadwal kuliah yang bisa diakses kapan saja. Namun, pengalaman kurang menyenangkan juga pernah saya alami saat portal sulit diakses atau lambat dibuka pada waktu-waktu tertentu, terutama ketika banyak mahasiswa mengakses secara bersamaan saat pengisian KRS, sehingga menghambat proses akademik.",92,1,
092-02,30/01/2026 22:25:10,MyClass UMSU,"Pengalaman saya menggunakan Portal Akademik (WEB) cukup baik, karena tampilannya sederhana dan fitur-fiturnya membantu, seperti pengecekan KRS, KHS, dan jadwal kuliah yang bisa diakses kapan saja. Namun, pengalaman kurang menyenangkan juga pernah saya alami saat portal sulit diakses atau lambat dibuka pada waktu-waktu tertentu, terutama ketika banyak mahasiswa mengakses secara bersamaan saat pengisian KRS, sehingga menghambat proses akademik.",92,2,
092-03,30/01/2026 22:25:10,WiFi Kampus,"Pengalaman saya menggunakan Portal Akademik (WEB) cukup baik, karena tampilannya sederhana dan fitur-fiturnya membantu, seperti pengecekan KRS, KHS, dan jadwal kuliah yang bisa diakses kapan saja. Namun, pengalaman kurang menyenangkan juga pernah saya alami saat portal sulit diakses atau lambat dibuka pada waktu-waktu tertentu, terutama ketika banyak mahasiswa mengakses secara bersamaan saat pengisian KRS, sehingga menghambat proses akademik.",92,3,
092-04,30/01/2026 22:25:10,Helpdesk/Technical Support,"Pengalaman saya menggunakan helpdesk/technical support IT UMSU cukup baik, karena petugasnya responsif dan membantu saat saya mengalami kendala akses portal akademik. Namun, terkadang proses penanganannya memerlukan waktu lebih lama, misalnya ketika laporan harus menunggu tindak lanjut, sehingga masalah tidak langsung terselesaikan.",92,4,
092-05,30/01/2026 22:25:10,Saran Peningkatan,"Saran saya untuk peningkatan layanan SI & TI UMSU adalah meningkatkan stabilitas dan kapasitas server, terutama pada jam sibuk seperti pengisian KRS, agar sistem tidak lambat atau sulit diakses. Selain itu, respon helpdesk dapat dipercepat dengan sistem tiket yang lebih terstruktur dan notifikasi status penanganan, sehingga pengguna mengetahui progres penyelesaian masalah.",92,5,
093-01,30/01/2026 22:35:50,Portal Akademik (WEB),Lama loadingnya,93,1,
093-02,30/01/2026 22:35:50,MyClass UMSU,Lama loadingnya,93,2,
093-03,30/01/2026 22:35:50,WiFi Kampus,ga tau sandinya,93,3,
093-04,30/01/2026 22:35:50,Helpdesk/Technical Support,Ga pernah menggunakannya,93,4,
093-05,30/01/2026 22:35:50,Saran Peningkatan,belum ngerti,93,5,
094-01,31/01/2026 15:42:59,Portal Akademik (WEB),Pada saat ke kelas yg ada di web E learning ada beberapa error dan sulit dipahami untuk saat pengumpulan tugas nya,94,1,
094-02,31/01/2026 15:42:59,MyClass UMSU,Kadang sulit dipahami saat ingin meng upload tugas,94,2,
094-03,31/01/2026 15:42:59,WiFi Kampus,"Kadang saat saya masuk ke wifi, jaringan nya malah lelet dan kadang bahkan tidak memiliki internet.... Apakah wifi nya belum dibayar?",94,3,
094-04,31/01/2026 15:42:59,Helpdesk/Technical Support,Belum pernah memakai help desk,94,4,
094-05,31/01/2026 15:42:59,Saran Peningkatan,Semoga lebih bagus lagi,94,5,
095-01,02/02/2026 20:38:28,Portal Akademik (WEB),"Saya pernah login ke portal tpi tiba2 server down, trs kadang tiba2 log out sendiri jg pas saya lgi isi krs, nah kadang jg pas udh buka portal ni loading nya lamaa padahal jaringan saya bagus",95,1,
095-02,02/02/2026 20:38:28,MyClass UMSU,"Menurut saya myclass ini sangat memudahkan saya untuk mengakses tugas2, modul perkuliahan. Karna lebih simple yaa trs jg ga tiba2 logout pas lgi ngumpulin tugas yg mepet deadline",95,2,
095-03,02/02/2026 20:38:28,WiFi Kampus,mungkin karna efisiensi yaaa makanya sekarang jaringan di kelas agak ngelag beda sm dulu awal2 semester menurut saya sangat lancar,95,3,
095-04,02/02/2026 20:38:28,Helpdesk/Technical Support,"Awal-awal pindah dri e-learning ke myclass saya lupa untuk login trs saya chat lah di live chat agak lama memang dibales tpi sekalinya dibales lgsg dikasi solusi yg jelass. Gk lama kli si dibales tpi pas itu saya buru2 mau absen jdinya menurut saya lama, sekitar 15 menit lah",95,4,
095-05,02/02/2026 20:38:28,Saran Peningkatan,Perbaiki server error yg di portal,95,5,
096-01,02/02/2026 20:49:07,Portal Akademik (WEB),"beberapa kali ketika saya membuka portal terjadi error. misal, ketika saya masuk ke portal terus saya pilih menu khs, nah disitu busa tiba-tiba masuk ke menu home, padahal saya mau buka khs.",96,1,
096-02,02/02/2026 20:49:07,MyClass UMSU,saya tidak bisa membuka file materi yang ada di myclass,96,2,
096-03,02/02/2026 20:49:07,WiFi Kampus,sejauh pengalaman saya ketika menggunakana wifi tidak ada kendala,96,3,
096-04,02/02/2026 20:49:07,Helpdesk/Technical Support,"saya ga pernah menggunakannya, jadi gatau. maaf yaa",96,4,
096-05,02/02/2026 20:49:07,Saran Peningkatan,"saya tidak pernah menggunakannya, jadi tidak tahu saran apa sebaiknya yang saya berikan",96,5,
097-01,02/02/2026 21:14:46,Portal Akademik (WEB),sering kembali untuk login ulang tanpa ada sebab,97,1,
097-02,02/02/2026 21:14:46,MyClass UMSU,kadang susah untuk mencari mata kuliah yang belum di enrollment,97,2,
097-03,02/02/2026 21:14:46,WiFi Kampus,wifi kadang lambat dan tidak bisa mengakses web,97,3,
097-04,02/02/2026 21:14:46,Helpdesk/Technical Support,saat lupa pasword portal umsu,97,4,
097-05,02/02/2026 21:14:46,Saran Peningkatan,maksimalkan yang sudah ada,97,5,
098-01,02/02/2026 21:18:40,Portal Akademik (WEB),baik,98,1,
098-02,02/02/2026 21:18:40,MyClass UMSU,"baik, lebih mudah dipahami dan jelas",98,2,
098-03,02/02/2026 21:18:40,WiFi Kampus,"baik, tapi kadang wifi nya buruk",98,3,
098-04,02/02/2026 21:18:40,Helpdesk/Technical Support,baik,98,4,
098-05,02/02/2026 21:18:40,Saran Peningkatan,-,98,5,
099-01,03/02/2026 1:59:27,Portal Akademik (WEB),"Pengalaman saya menggunakan Portal Akademik (WEB) cukup membantu, terutama untuk melihat KRS, KHS, dan jadwal kuliah karena informasinya terpusat di satu sistem. Namun, pengalaman kurang baik pernah terjadi saat portal sulit diakses atau lambat ketika banyak mahasiswa login bersamaan, misalnya saat periode pengisian KRS, sehingga proses menjadi terhambat.",99,1,
099-02,03/02/2026 1:59:27,MyClass UMSU,"Pengalaman saya menggunakan MyClass UMSU cukup baik karena memudahkan dalam mengakses materi perkuliahan, mengumpulkan tugas, dan melihat pengumuman dari dosen secara online. Namun, terkadang sistem terasa lambat atau error saat batas waktu pengumpulan tugas, sehingga perlu login ulang atau menunggu beberapa saat.",99,2,
099-03,03/02/2026 1:59:27,WiFi Kampus,"Pengalaman saya menggunakan WiFi kampus UMSU tergolong cukup baik, karena membantu mahasiswa mengakses internet untuk keperluan perkuliahan seperti mencari referensi dan mengerjakan tugas. Namun, pada jam-jam sibuk koneksi sering melambat atau terputus, misalnya saat banyak mahasiswa menggunakan WiFi secara bersamaan di area kampus.",99,3,
099-04,03/02/2026 1:59:27,Helpdesk/Technical Support,"Pengalaman saya menggunakan helpdesk/technical support IT UMSU cukup baik karena petugas responsif dan membantu ketika saya mengalami kendala login pada portal akademik. Namun, pada beberapa kasus respon masih memerlukan waktu cukup lama saat permintaan sedang banyak, sehingga penyelesaian masalah tidak bisa langsung dilakukan.",99,4,
099-05,03/02/2026 1:59:27,Saran Peningkatan,"Saran saya untuk peningkatan layanan SI & TI UMSU adalah meningkatkan kapasitas dan stabilitas server agar portal akademik dan MyClass tidak mudah lambat atau error, terutama saat jam sibuk seperti pengisian KRS atau pengumpulan tugas. Selain itu, kualitas dan jangkauan WiFi kampus juga perlu ditingkatkan agar koneksi lebih stabil dan merata di seluruh area kampus.",99,5,
100-01,03/02/2026 5:16:56,Portal Akademik (WEB),"baik nya kita dikasih kemudahan untuk meng akses segala sesuatu contohnya membayar ukt tidak perlu harus datang ke kampus.

buruknya portal tersebut sering eror jadi kita harus menunggu beberapa saat",100,1,
100-02,03/02/2026 5:16:56,MyClass UMSU,"baiknya kita dapet melihat modul apa yg kita pelajari dan kita bisa absen kehadiran dengan mudah 

buruknya sering terjadi eror server dan harus menunggu beberapa saat",100,2,
100-03,03/02/2026 5:16:56,WiFi Kampus,"baiknya saya tidak kehabisan paket saat pembelajaran di mulai 

buruknya jaringan sering ngelag",100,3,
100-04,03/02/2026 5:16:56,Helpdesk/Technical Support,pengalaman baik nya mereka sigap menanggapi keluhan mahasiswa,100,4,
100-05,03/02/2026 5:16:56,Saran Peningkatan,"lebih di perjelakan lagi apa itu SI dan TI kepada mahasiswa,karna masih banyak mahasiswa kurang tau apa itu SI dan TI",100,5,
101-01,03/02/2026 7:44:56,Portal Akademik (WEB),"sering mengalami aplikasi keluar sendirinya tanpa di keluarin,server sering lambat",101,1,
101-02,03/02/2026 7:44:56,MyClass UMSU,sering di perbaiki atau update lah soalnya my class tempat mengumpulkan atau mengirim tugas bahkan absen juga di my class,101,2,
101-03,03/02/2026 7:44:56,WiFi Kampus,wifi nya super top kencang dan jangkauan nya juga luas,101,3,
101-04,03/02/2026 7:44:56,Helpdesk/Technical Support,karna hampir ga pernah saya gunakan jadi ga ad sisi baik dan buruk yang saya ambil,101,4,
101-05,03/02/2026 7:44:56,Saran Peningkatan,tingkat kan terus pelayanan yang cepat agar mempermudah suatu masalah,101,5,
102-01,03/02/2026 10:24:05,Portal Akademik (WEB),"buruknya pada saat diperlukan tetapi portal eror, baiknya dengan adanya web tersebut itu sangat terbantu",102,1,
102-02,03/02/2026 10:24:05,MyClass UMSU,tjda ada,102,2,
102-03,03/02/2026 10:24:05,WiFi Kampus,"perlu tmbahkan wifi, supaya mahasiswa terbantu data dri kampus",102,3,
102-04,03/02/2026 10:24:05,Helpdesk/Technical Support,tida ada,102,4,
102-05,03/02/2026 10:24:05,Saran Peningkatan,sarannya untuk lebih dipertingkatkan lagi pelayanannya maupun kepentingan apapun,102,5,
103-01,03/02/2026 15:29:31,Portal Akademik (WEB),Faktor penghambat dalam penggunaan Portal selama saya menggunakan ialah sering log out sendiri secara tiba-tiba,103,1,
103-02,03/02/2026 15:29:31,MyClass UMSU,Informasi yang disajikan kurang detail sehingga banyak mahasiswa yang masih kebingungan dalam penggunaan terlebih ini adalah web/Apk yang tergolong baru,103,2,
103-03,03/02/2026 15:29:31,WiFi Kampus,"Akses Wifi di lingkungan kampus belum menyeluruh terutama di beberapa titik, namun untuk didalam kelas masih ada hambatan koneksi terutama saat jam sibuk perkuliahan karena banyak yang mengakses wifi tersebut",103,3,
103-04,03/02/2026 15:29:31,Helpdesk/Technical Support,"Terakhir penggunaan di tahun 2022 terkendala di password portal, untuk experience cukup baik namun perlu respon yang lebih cepat agar lebih baik kedepannya",103,4,
103-05,03/02/2026 15:29:31,Saran Peningkatan,Peningkatan kualitas server dan fast respon dalam menanggapi setiap keluhan yang dihadapi mahasiswa,103,5,
104-01,03/02/2026 19:30:57,Portal Akademik (WEB),kadang eror,104,1,
104-02,03/02/2026 19:30:57,MyClass UMSU,kadang eror,104,2,
104-03,03/02/2026 19:30:57,WiFi Kampus,kadang lemot,104,3,
104-04,03/02/2026 19:30:57,Helpdesk/Technical Support,sangat baik,104,4,
104-05,03/02/2026 19:30:57,Saran Peningkatan,di lengkapin lagi pasilitasnya,104,5,
105-01,03/02/2026 23:24:19,Portal Akademik (WEB),"Pengalaman saya menggunakan Portal Akademik (WEB) cukup baik, karena tampilan sederhana dan fitur utama seperti KRS, KHS, serta jadwal perkuliahan mudah diakses. Namun, kadang portal lambat atau sulit dibuka saat jam sibuk, misalnya ketika pengisian KRS, sehingga membutuhkan waktu lebih lama.",105,1,
105-02,03/02/2026 23:24:19,MyClass UMSU,"Pengalaman saya menggunakan MyClass UMSU cukup baik, karena memudahkan akses materi perkuliahan, pengumpulan tugas, dan informasi dari dosen dalam satu platform. Namun, terkadang sistem lambat atau error, terutama saat banyak mahasiswa mengunggah tugas secara bersamaan, sehingga proses pengumpulan menjadi kurang lancar.",105,2,
105-03,03/02/2026 23:24:19,WiFi Kampus,"Pengalaman saya menggunakan WiFi kampus UMSU kurang konsisten, karena di beberapa area koneksi cukup cepat dan membantu akses MyClass atau browsing. Namun, di jam sibuk atau lokasi tertentu sinyal sering lemah dan terputus, sehingga mengganggu proses belajar dan pengumpulan tugas online.",105,3,
105-04,03/02/2026 23:24:19,Helpdesk/Technical Support,"Pengalaman saya menggunakan helpdesk/technical support IT UMSU cukup baik, karena petugas responsif dan membantu saat ada kendala login atau masalah sistem. Namun, pada waktu tertentu respons masih cukup lama, terutama saat banyak laporan masuk, sehingga penyelesaian masalah tidak selalu bisa langsung.",105,4,
105-05,03/02/2026 23:24:19,Saran Peningkatan,"Layanan SI & TI UMSU sebaiknya ditingkatkan dari sisi stabilitas sistem dan kapasitas server, terutama saat jam sibuk seperti pengisian KRS atau pengumpulan tugas agar tidak sering lambat/error. Selain itu, perlu pemerataan dan peningkatan kualitas WiFi di seluruh area kampus serta respon helpdesk yang lebih cepat dengan sistem tiket yang jelas.",105,5,
106-01,04/02/2026 0:20:05,Portal Akademik (WEB),"Sering minta login akun padahal baru di loginkan

Contoh:
Saya sudah login akun di portal,terus saya buka wa,setelah buka wa saya masuk lagi ke portal dan di suruh login lagi",106,1,
106-02,04/02/2026 0:20:05,MyClass UMSU,"Sering keluar dari portal padahal saya sudah login kan akun saya

Contoh:
Saya buka portal terus saya login,terus saya buka WA,baru masuk ke portal lagi disuruh login",106,2,
106-03,04/02/2026 0:20:05,WiFi Kampus,"Wi-Fi nya lancar sih

Contoh:
Disaat jaringan saya tidak mendukung ada WiFi kampus umsu yg menolong",106,3,
106-04,04/02/2026 0:20:05,Helpdesk/Technical Support,Respon cepat,106,4,
106-05,04/02/2026 0:20:05,Saran Peningkatan,Meningkatkan stabilitas jaringan di area kampus untuk mendukung aktivitas daring dan luring.,106,5,
107-01,04/02/2026 19:49:03,Portal Akademik (WEB),sering error,107,1,
107-02,04/02/2026 19:49:03,MyClass UMSU,sejauh ini sangat baik,107,2,
107-03,04/02/2026 19:49:03,WiFi Kampus,sejauh ini baik,107,3,
107-04,04/02/2026 19:49:03,Helpdesk/Technical Support,.,107,4,
107-05,04/02/2026 19:49:03,Saran Peningkatan,.,107,5,
108-01,05/02/2026 15:12:08,Portal Akademik (WEB),saat pengisian krs itu sedikit ngelag,108,1,
108-02,05/02/2026 15:12:08,MyClass UMSU,saat pengisian krs sistem lumayan lama,108,2,
108-03,05/02/2026 15:12:08,WiFi Kampus,karena terlalu banyak pengguna jadi lumayan lama/ susah mengakses,108,3,
108-04,05/02/2026 15:12:08,Helpdesk/Technical Support,bagus,108,4,
108-05,05/02/2026 15:12:08,Saran Peningkatan,sistemnya supaya tidak sering eror,108,5,
109-01,05/02/2026 15:23:12,Portal Akademik (WEB),"Sering Down Server, contoh seperti ketika login portal umsu, tiba tiba langsong keluar lagi. belum sampai 2/3 detik. sudah keluar dan disuruh untuk login lagi. hal itu membuat saya sedikit resah padahal koneksi jaringan saya baik dan lancar.",109,1,
109-02,05/02/2026 15:23:12,MyClass UMSU,baik,109,2,
109-03,05/02/2026 15:23:12,WiFi Kampus,sedikit ngelag,109,3,
109-04,05/02/2026 15:23:12,Helpdesk/Technical Support,tidak pernah,109,4,
109-05,05/02/2026 15:23:12,Saran Peningkatan,tidak pernah,109,5,
110-01,05/02/2026 15:43:40,Portal Akademik (WEB),"Terkadang suka eror umsu mobile harus menggunakan wifi untuk mengakses nya padahal data seluler saya bagus, itu saha",110,1,
110-02,05/02/2026 15:43:40,MyClass UMSU,Belum pernah memamakai nya,110,2,
110-03,05/02/2026 15:43:40,WiFi Kampus,Jaringan wifi nya suka hilang dan gak bisa di gunakan,110,3,
110-04,05/02/2026 15:43:40,Helpdesk/Technical Support,Tidak ada,110,4,
110-05,05/02/2026 15:43:40,Saran Peningkatan,Terutama di aplikasi umus mobile nya jangan suka eror,110,5,
111-01,05/02/2026 15:55:05,Portal Akademik (WEB),Pengalaman saya menggunakan portal akademik  sangat baik ya walaupun kadang ada sedikit kendala yaitu dibagian loding  mungkin karena banyak yg mengakses portal akademik sekian dan terima,111,1,
111-02,05/02/2026 15:55:05,MyClass UMSU,Pengalaman saya mengenai dalam menggunakan my class cukup baik juga materi yg tercantum cukup jelas. Contoh seperti melihat tugas yg diberikan dan lain lain,111,2,
111-03,05/02/2026 15:55:05,WiFi Kampus,Pengalaman saya dalam menggunakan wifi dikampus sangat baik,111,3,
111-04,05/02/2026 15:55:05,Helpdesk/Technical Support,Pengalaman saya untuk saat ini blm ada,111,4,
111-05,05/02/2026 15:55:05,Saran Peningkatan,-Lebih cepat,111,5,
112-01,05/02/2026 15:58:38,Portal Akademik (WEB),"menurut aku sih jadi mudah buat kumpulin tugas, jadi ga susah susah buat kumpulin ke dosen.",112,1,
112-02,05/02/2026 15:58:38,MyClass UMSU,"(+) ngumpulin tugas lebih fleksibel 
(-) kadang webnya suka eror",112,2,
112-03,05/02/2026 15:58:38,WiFi Kampus,"menurut pendapat aku ada kelebihan dan kekurangannya sih.
1. kelebihan : ngumpulin tugas lebih fleksibel
2. kekurangan : kadang webnya suka eror",112,3,
112-04,05/02/2026 15:58:38,Helpdesk/Technical Support,menurut aku sih helpdesk nya sangat membantu ketika webnya lagi bermasalah,112,4,
112-05,05/02/2026 15:58:38,Saran Peningkatan,semoga webnya ga sering eror lagi ya hehe,112,5,
113-01,05/02/2026 16:02:46,Portal Akademik (WEB),"Portal nya bagus,minus nya sering eror aja dan payah login",113,1,
113-02,05/02/2026 16:02:46,MyClass UMSU,My class umsu bagus tapi payah login nya dan sering eror,113,2,
113-03,05/02/2026 16:02:46,WiFi Kampus,payah konek dan koneksi nya lemah,113,3,
113-04,05/02/2026 16:02:46,Helpdesk/Technical Support,bagus,113,4,
113-05,05/02/2026 16:02:46,Saran Peningkatan,tidak ada,113,5,
114-01,05/02/2026 16:11:27,Portal Akademik (WEB),Aplikasi layanan portal nya cukup bagus namun sering mengalami server down,114,1,
114-02,05/02/2026 16:11:27,MyClass UMSU,Aplikasi My class sangat mudah di pahami dan lengkap dengan materi pembelajaran yang jelas,114,2,
114-03,05/02/2026 16:11:27,WiFi Kampus,Sangat bermanfaat untuk mahasiswa dan mudah di akses dalam pengerjaan tugas,114,3,
114-04,05/02/2026 16:11:27,Helpdesk/Technical Support,Cukup membantu dan responsif,114,4,
114-05,05/02/2026 16:11:27,Saran Peningkatan,Lebih di tingkatkan lagi pelayanan nya,114,5,
115-01,05/02/2026 16:22:36,Portal Akademik (WEB),"Kendala diportal kmrin mau buka nilai lumayan lama nunggunyaa, dikarenakan sistem eror
Dan pada saat ingin memberikan penilaian terhadap dosen, juga kendalanya sama seperti itu",115,1,
115-02,05/02/2026 16:22:36,MyClass UMSU,"Untuk saat ini saya menggunakan my class, kendalannya hanya di absen
Dari awal membuka myclass menuju absen pada mata kuliah yg ingin saya isi itu lumayan rumit dan saya gatau kenapa myclass saya seperti itu berbeda dgn tmn tmn saya yg lain. Mereka sudah ada di halaman awal tp kalau saya harus mencari lagi, mungkin itu kendala saya di myclass
Dan paling eror kdng kdng aja, tidak terlalu sering",115,2,
115-03,05/02/2026 16:22:36,WiFi Kampus,di gedung fai saya tidak pernah menemukan wifi,115,3,
115-04,05/02/2026 16:22:36,Helpdesk/Technical Support,Belum pernah menggunakannya,115,4,
115-05,05/02/2026 16:22:36,Saran Peningkatan,Wifi digedung fai bisa juga🙏🏻,115,5,
116-01,05/02/2026 16:26:06,Portal Akademik (WEB),"Website portal kadang error, gamau muncul ke situs pilihan jadi harus di klik berulang and i think that's a big problem",116,1,
116-02,05/02/2026 16:26:06,MyClass UMSU,"No offense, my class app the best",116,2,
116-03,05/02/2026 16:26:06,WiFi Kampus,Kadang ngelag atau titik akses penuh jadi wajar lah ya overall good 8/10,116,3,
116-04,05/02/2026 16:26:06,Helpdesk/Technical Support,Belum pernah pake tapi kedepannya mungkin kepake,116,4,
116-05,05/02/2026 16:26:06,Saran Peningkatan,Fix website portal aja si kebanyakan error kadang mengganggu juga,116,5,
117-01,05/02/2026 16:58:26,Portal Akademik (WEB),Websitenya sudah bagus dan mudah di akses seperti login myclass. Tetapi terkadang suka lelet saat membuka website portal,117,1,
117-02,05/02/2026 16:58:26,MyClass UMSU,Myclass umsu sangat membantu saya untuk belajar karna bapak/ibu dosen sudah menyediakan materi di myclass.,117,2,
117-03,05/02/2026 16:58:26,WiFi Kampus,Karna saya di FKIP kadang Wifi-nya bisa di akses kadang tidak. Di lantai dua saya dapat mengakses wifi tetapi di lantai 3 tidak bisa,117,3,
117-04,05/02/2026 16:58:26,Helpdesk/Technical Support,Saya belum pernah menggunakan layanan ini. Tapi saya berharap layanan ini tetap dapat terus ada untuk membantu mahasiswa,117,4,
117-05,05/02/2026 16:58:26,Saran Peningkatan,Sudah bagus walaupun sering lelet. Semoga kedepannya dapat ditingkatkan lagi,117,5,
118-01,05/02/2026 17:37:48,Portal Akademik (WEB),tidak ada soalnya penggunaan nya gampang tapi kadang lelet tidak tau apakah itu lelet dari jaringan saya atau dari web nya sendiri,118,1,
118-02,05/02/2026 17:37:48,MyClass UMSU,mudah di gunakan,118,2,
118-03,05/02/2026 17:37:48,WiFi Kampus,"agak lelet kayaknya karena terlalu ramai yang memakai
tapi kalau pagi lancar siang nya doang agak lelet",118,3,
118-04,05/02/2026 17:37:48,Helpdesk/Technical Support,"paten, bergerak cepat",118,4,
118-05,05/02/2026 17:37:48,Saran Peningkatan,tidak ada karena sudah paten,118,5,
119-01,05/02/2026 19:23:18,Portal Akademik (WEB),"Secara umum sebenarnya portal menggambar kebutuhan mahasiswa, tapi kendala loginnya sering forceclose jadi ngeselinkan",119,1,
119-02,05/02/2026 19:23:18,MyClass UMSU,"Yang buruk itu dosennya ga tau cara pake my class, kedua my class ini double absen bingung jadinya mau pake mana kan seharusnya adalah kebijakan dosen harus pake absen a atau b. Ketiga my class ini harus diliat sering sering baru tau tugas yang dikasih dosen harapan gw sih my class bisa tersambung ke Gmail ya biar kalo ada masuk langsung ke email",119,2,
119-03,05/02/2026 19:23:18,WiFi Kampus,"Wifi ada, but the problem kapasitas dari Wifi-nya kan. Thats annoying 😭",119,3,
119-04,05/02/2026 19:23:18,Helpdesk/Technical Support,Responnya cepet sih,119,4,
119-05,05/02/2026 19:23:18,Saran Peningkatan,Harusnya admin fakultas ya gini juga responsifnya.,119,5,
120-01,05/02/2026 20:04:23,Portal Akademik (WEB),terkadang ketika lagi ramai mahasiswa yg menggunakan portal menjadi lelet dan sering eror,120,1,
120-02,05/02/2026 20:04:23,MyClass UMSU,sejauh ini saya tidak pernah mengalami masalah di my class umsu,120,2,
120-03,05/02/2026 20:04:23,WiFi Kampus,di fisip sering sekali lelet dan ketika sudah terhudup sering kali terputus,120,3,
120-04,05/02/2026 20:04:23,Helpdesk/Technical Support,saya belum pernah menggunakannya,120,4,
120-05,05/02/2026 20:04:23,Saran Peningkatan,lebih baik saja kedepannya,120,5,
121-01,05/02/2026 20:28:20,Portal Akademik (WEB),"Pengalaman saya lumayan buruk, di bagian pembayaran uang kuliah yang di mana itu gak bisa langsung dari apk nya harus dari link google dulu dan di ubah dari situ, seandainya bisa langsung dari aplikasinya pasti lebih simpel dan mudah untuk setiap mahasiswa umsu",121,1,
121-02,05/02/2026 20:28:20,MyClass UMSU,"Pengalaman saya baik, karena sejauh ini untuk pengumpulan tugas atau absensi itu mudah",121,2,
121-03,05/02/2026 20:28:20,WiFi Kampus,"Sejauh ini baik, karena jika paket data saya habis bisa menggunakan wifi umsu dan bisa untuk kirim pesan mau itu di wa/ig",121,3,
121-04,05/02/2026 20:28:20,Helpdesk/Technical Support,"Untuk sekarang belom ada menggunakan itu, tapi kawan saya ada dan sangat sigap untuk membantu",121,4,
121-05,05/02/2026 20:28:20,Saran Peningkatan,"Untuk lebih ketat terhadap mahasiswa yang merokok, mau itu di depan kantin/di lorong² koridor dan di kamar mandi. Karena itu sangat menganggu untuk saya yg tidak merokok",121,5,
122-01,06/02/2026 7:12:11,Portal Akademik (WEB),"Server sering down ,yh saya menggunakan e learning sering keluar masuk sendiri contohnya saat nengok tugas di learning linknya sering g bisa dipencet semoga makin gapang digunakan",122,1,
122-02,06/02/2026 7:12:11,MyClass UMSU,"Kalau my class sih bisa saya gunakan dengan baik karna gampang dimengerti TPI ada satu yg kurang kadang mau absen sering g bisa sampai lama kli
Contohnya saat saya mau absen di my class pelajaran fisika sering g bisa absen",122,2,
122-03,06/02/2026 7:12:11,WiFi Kampus,Kalau wifi nya emg gampang dipakai jaringan pun lancar aj TPI pernah wifi g bisa di konek contohnya saat mau saya mau pakai wifi nya sering kali g bisa konek ke hp saya,122,3,
122-04,06/02/2026 7:12:11,Helpdesk/Technical Support,Yh saya g bisa bnyk ya karna saya jarang menggunakan itu dan saya fokus cuman di my classd,122,4,
122-05,06/02/2026 7:12:11,Saran Peningkatan,"Semoga makin berkembang lah
Contohnya semoga makin bisa digunakan lah",122,5,
123-01,06/02/2026 23:12:28,Portal Akademik (WEB),tampilan bagus membuat informasi mudah dipahami. tetapi website sering logout sendiri ataupun error saat terlalu lama di akses,123,1,
123-02,06/02/2026 23:12:28,MyClass UMSU,"tampilannya bikin bingung, proses loading sistem juga lama",123,2,
123-03,06/02/2026 23:12:28,WiFi Kampus,"kualitas wifi di setiap lantai berbeda, selain itu performanya lebih sering buruk",123,3,
123-04,06/02/2026 23:12:28,Helpdesk/Technical Support,"responnya lama, sekalinya ngerespon ga menjawab pertanyaan",123,4,
123-05,06/02/2026 23:12:28,Saran Peningkatan,"untuk pelayanan baiknya lebih sigap lagi karna tingkat urgensi orang beda', lebih informatif lagi",123,5,
124-01,08/02/2026 0:41:57,Portal Akademik (WEB),"salah satunya perlu beberapa kali login ke portal, terkadang keluar sendiri",124,1,
124-02,08/02/2026 0:41:57,MyClass UMSU,ya begitulah,124,2,
124-03,08/02/2026 0:41:57,WiFi Kampus,cukup bermanfaat saat dibutuhkan,124,3,
124-04,08/02/2026 0:41:57,Helpdesk/Technical Support,tidak ada pengalaman,124,4,
124-05,08/02/2026 0:41:57,Saran Peningkatan,lebih baik lagi,124,5,
